20190902,hz,滨江区,滨和路,https://www.danke.com/room/1256569731.html,滨和路  迎春小区 4室1厅,建筑面积约10O|5楼|4室1卫|朝东,1830,https://public.danke.com.cn/public-20181107-FpYH798RaqooPmgjYAzpkwNsCUBr?imageView2/1/w/380/h/285,2019-09-02 22:14:01,
20190902,hz,滨江区,滨和路,https://www.danke.com/room/1715144574.html,滨和路  钱塘滨和花园 4室1厅,建筑面积约11O|5楼|4室1卫|朝南,1815,https://public.danke.com.cn/public-20190416-Fsgn9MpTTv0n50Zvx74GZEsCAAFT?imageView2/1/w/380/h/285,2019-09-02 22:14:02,
20190902,hz,滨江区,滨和路,https://www.danke.com/room/1182626471.html,滨和路  欣盛东方郡东区 3室1厅,建筑面积约10O|24楼|3室1卫|朝南,1925,https://public.danke.com.cn/public-20180110-FlOvWzogusghidq-LbIMXGxtmQ3E?imageView2/1/w/380/h/285,2019-09-02 22:14:02,
20190902,hz,滨江区,滨和路,https://www.danke.com/room/1095412347.html,滨和路  迎春小区 4室1厅,建筑面积约14O|1楼|4室1卫|朝北,1890,https://public.danke.com.cn/public-20190213-Fj6zsd1CSd1OW3DXExYCGed1-omi?imageView2/1/w/380/h/285,2019-09-02 22:14:03,
20190902,hz,滨江区,滨和路,https://www.danke.com/room/568018302.html,滨和路  铂金时代公寓 4室2厅,建筑面积约15O|2楼|4室1卫|朝南,2135,https://public.danke.com.cn/public-20190124-isz_FhMt-qL-DtjuQjyirh_uGEHtgv_U?imageView2/1/w/380/h/285,2019-09-02 22:14:03,
20190902,hz,滨江区,滨和路,https://www.danke.com/room/1799375916.html,滨和路  风雅钱塘 4室1厅,建筑面积约13O|15楼|4室1卫|朝南,2350,https://public.danke.com.cn/public-20180331-lmSMHNCuT7cIhKf9TWsjQsnOw7m7?imageView2/1/w/380/h/285,2019-09-02 22:14:04,
20190902,hz,滨江区,滨和路,https://www.danke.com/room/274047387.html,滨和路  迎春北苑 4室1厅,建筑面积约9O|6楼|4室1卫|朝西,1730,https://public.danke.com.cn/public-20180528-lkmFTLMLaOcvRQ3lL7fUiSbxDnYz?imageView2/1/w/380/h/285,2019-09-02 22:14:04,
20190902,hz,滨江区,滨和路,https://www.danke.com/room/270362712.html,滨和路  新洲花苑东区 4室1厅,建筑面积约14O|8楼|4室1卫|朝南,2210,https://public.danke.com.cn/public-20190825-FkmXHi3KKKN7awLBSfMnMIlY5Zl7?imageView2/1/w/380/h/285,2019-09-02 22:14:05,
20190902,hz,滨江区,滨和路,https://www.danke.com/room/1597323779.html,滨和路  迎春小区 4室1厅,建筑面积约12O|2楼|4室1卫|朝南,1950,//pangu-s1.danke.com.cn/build/img/room/no-picture-e63a495fc7.jpg??imageView2/1/w/380/h/285,2019-09-02 22:14:06,
20190902,hz,滨江区,滨和路,https://www.danke.com/room/1647671720.html,滨和路  铂金时代 4室1厅,建筑面积约17O|4楼|4室1卫|朝西南,2713,https://public.danke.com.cn/public-20180419-ljBN_NHwTaOlRYSg3A1PntVe_4-i?imageView2/1/w/380/h/285,2019-09-02 22:14:06,
20190902,hz,滨江区,滨和路,https://www.danke.com/room/794134149.html,滨和路  欣盛东方郡西区 4室2厅,建筑面积约12O|5楼|4室1卫|朝南,2490,https://public.danke.com.cn/public-20190124-isz_FhfVce42f6au5B-MSRzq9fTRB6Zo?imageView2/1/w/380/h/285,2019-09-02 22:14:07,
20190902,hz,滨江区,滨和路,https://www.danke.com/room/2031252484.html,滨和路  铂金时代 4室1厅,建筑面积约14O|4楼|4室1卫|朝北,1908,https://public.danke.com.cn/public-20180507-lss3BVKZodZ4a436Ct2ohUx6t20p?imageView2/1/w/380/h/285,2019-09-02 22:14:08,
20190902,hz,滨江区,滨和路,https://www.danke.com/room/191678878.html,滨和路  欣盛东方郡东区 3室1厅,建筑面积约18O|26楼|3室1卫|朝南,2600,https://public.danke.com.cn/public-20190829-FnXTqkEoz58loDnA8s2tDEV8Y4xH?imageView2/1/w/380/h/285,2019-09-02 22:14:08,
20190902,hz,滨江区,滨和路,https://www.danke.com/room/698370297.html,滨和路  新洲花苑东区 4室1厅,建筑面积约16O|8楼|4室1卫|朝南,2270,https://public.danke.com.cn/public-20190825-FsWxEbfRi76DSeCx8PO_ndmDVuLn?imageView2/1/w/380/h/285,2019-09-02 22:14:09,
20190902,hz,滨江区,滨和路,https://www.danke.com/room/688279708.html,滨和路  迎春南苑 4室1厅,建筑面积约11O|6楼|4室1卫|朝西,1820,//pangu-s1.danke.com.cn/build/img/room/no-picture-e63a495fc7.jpg??imageView2/1/w/380/h/285,2019-09-02 22:14:09,
20190902,hz,滨江区,滨和路,https://www.danke.com/room/398632676.html,滨和路  欣盛东方郡西区 4室2厅,建筑面积约10O|5楼|4室1卫|朝北,2150,https://public.danke.com.cn/public-20190124-isz_FjsghXQZdwXNsTRmo0FYiemWCr6i?imageView2/1/w/380/h/285,2019-09-02 22:14:10,
20190902,hz,滨江区,滨和路,https://www.danke.com/room/2008450570.html,滨和路  欣盛东方郡东区 4室1厅,建筑面积约10O|6楼|4室2卫|朝北,1960,//pangu-s1.danke.com.cn/build/img/room/no-picture-e63a495fc7.jpg??imageView2/1/w/380/h/285,2019-09-02 22:14:11,
20190902,hz,滨江区,滨和路,https://www.danke.com/room/16754751.html,滨和路  欣盛东方郡东区 3室1厅,建筑面积约16O|26楼|3室1卫|朝北,2470,https://public.danke.com.cn/public-20190829-FuzwlOd5azR-ML7FvAHCZWh362pz?imageView2/1/w/380/h/285,2019-09-02 22:14:11,
20190902,hz,滨江区,滨和路,https://www.danke.com/room/1867671255.html,滨和路  新洲花苑东区 4室1厅,建筑面积约17O|3楼|4室1卫|朝北,2300,https://public.danke.com.cn/public-20190826-Fs8GHNYRRaJFlC4ubjpmjlvJO5dn?imageView2/1/w/380/h/285,2019-09-02 22:14:12,
20190902,hz,滨江区,滨和路,https://www.danke.com/room/1655585542.html,滨和路  风雅钱塘 3室1厅,建筑面积约20O|23楼|3室1卫|朝南,2291,https://public.danke.com.cn/public-20180803-lg_pO0WMrEH1TcHi6bB-FIIiz_OQ?imageView2/1/w/380/h/285,2019-09-02 22:14:13,
20190902,hz,滨江区,滨和路,https://www.danke.com/room/982789074.html,滨和路  迎春南苑 4室1厅,建筑面积约19O|5楼|4室1卫|朝南,2160,//pangu-s1.danke.com.cn/build/img/room/no-picture-e63a495fc7.jpg??imageView2/1/w/380/h/285,2019-09-02 22:14:16,
20190902,hz,滨江区,滨和路,https://www.danke.com/room/1120007312.html,滨和路  中赢康康谷 1室1厅,建筑面积约50O|3楼|1室1卫|朝南,4638,https://public.danke.com.cn/public-20190407-Fv09T_Ueq4yDc3EFEMuRPafchURA?imageView2/1/w/380/h/285,2019-09-02 22:14:17,
20190902,hz,滨江区,滨和路,https://www.danke.com/room/110376418.html,滨和路  中赢康康谷 1室1厅,建筑面积约45O|10楼|1室2卫|朝南,6105,https://public.danke.com.cn/public-20190407-Fl2AaOc-er2z7pVc1xGU_VtUTKKP?imageView2/1/w/380/h/285,2019-09-02 22:14:17,
20190902,hz,滨江区,滨和路,https://www.danke.com/room/1415314156.html,滨和路  中赢康康谷 1室2厅,建筑面积约45O|8楼|1室2卫|朝南,5674,https://public.danke.com.cn/public-20190603-FrI_Gd6rynHautLomxwESXHiWmxf?imageView2/1/w/380/h/285,2019-09-02 22:14:18,
20190902,hz,滨江区,滨和路,https://www.danke.com/room/949971535.html,滨和路  温馨人家 4室1厅,建筑面积约14O|14楼|4室1卫|朝南,2133,https://public.danke.com.cn/public-20180912-lvYNNjmlrcDPpQOHISn4mgNUkF6c?imageView2/1/w/380/h/285,2019-09-02 22:14:21,
20190902,hz,滨江区,滨和路,https://www.danke.com/room/2018380481.html,滨和路  迎春小区 5室1厅,建筑面积约13O|2楼|5室1卫|朝南,1800,https://public.danke.com.cn/public-20181005-lhNeUOH6y5GsN0Ja8ovGZOquN0d9?imageView2/1/w/380/h/285,2019-09-02 22:14:23,
20190902,hz,滨江区,滨和路,https://www.danke.com/room/1460467519.html,滨和路  迎春南苑 4室1厅,建筑面积约10O|3楼|4室1卫|朝南,1633,https://public.danke.com.cn/public-20180802-liqh9AcHADmGJ8A-toiqgB9YnkBJ?imageView2/1/w/380/h/285,2019-09-02 22:14:24,
20190902,hz,滨江区,滨和路,https://www.danke.com/room/1820864367.html,滨和路  迎春南苑 4室1厅,建筑面积约14O|16楼|4室1卫|朝北,1808,https://public.danke.com.cn/public-20180419-lvEAQ3ufWgEQkJbziw3Dp2x37ejI?imageView2/1/w/380/h/285,2019-09-02 22:14:25,
20190902,hz,滨江区,滨和路,https://www.danke.com/duanzu/1844370061.html,滨和路  中赢康康谷 1室2厅,建筑面积约46O|15楼|1室2卫|朝北,7830,https://public.danke.com.cn/public-20190603-Fv1xAJv4c5exfNpSDDsAlh5F6vAc?imageView2/1/w/380/h/285,2019-09-02 22:14:27,
20190902,hz,滨江区,滨和路,https://www.danke.com/room/637537591.html,滨和路  迎春南苑 4室1厅,建筑面积约11O|6楼|4室1卫|朝西,1658,https://public.danke.com.cn/public-20180802-lgRudmcdB3xZbsZeqtf45Vqot4cj?imageView2/1/w/380/h/285,2019-09-02 22:14:28,
20190902,hz,滨江区,滨和路,https://www.danke.com/room/920832586.html,滨和路  铂金时代 4室1厅,建筑面积约12O|19楼|4室1卫|朝西,1732,https://public.danke.com.cn/public-20180207-FmDzhUnSBRHMg-jU5wK2Lf4L0otQ?imageView2/1/w/380/h/285,2019-09-02 22:14:29,
20190902,hz,滨江区,滨和路,https://www.danke.com/room/38918296.html,滨和路  迎春南苑 4室1厅,建筑面积约14O|4楼|4室1卫|朝北,1732,https://public.danke.com.cn/public-20180807-Flnm993tQvTrXiL7HobqydGU1pMR?imageView2/1/w/380/h/285,2019-09-02 22:14:29,
20190902,hz,滨江区,滨和路,https://www.danke.com/room/1799160084.html,滨和路  铂金时代 4室1厅,建筑面积约11O|8楼|4室1卫|朝南,1915,https://public.danke.com.cn/public-20180408-lqeaEvs6mBqMaGMgaq8J1LOrBBrJ?imageView2/1/w/380/h/285,2019-09-02 22:14:30,
20190902,hz,滨江区,滨和路,https://www.danke.com/room/1570958537.html,滨和路  迎春小区 4室1厅,建筑面积约13O|4楼|4室1卫|朝南,1860,https://public.danke.com.cn/public-20180503-ltthbD-a4-WZVjDwTtz9mL98qPg4?imageView2/1/w/380/h/285,2019-09-02 22:14:31,
20190902,hz,滨江区,滨和路,https://www.danke.com/room/1178007064.html,滨和路  欣盛东方郡东区 3室1厅,建筑面积约10O|19楼|3室1卫|朝南,1980,https://public.danke.com.cn/public-20180724-lgFuO8CF6i4K4MvpV5UwXa_XV_uS?imageView2/1/w/380/h/285,2019-09-02 22:14:32,
20190902,hz,滨江区,滨和路,https://www.danke.com/room/1095471102.html,滨和路  瑞立中央花城 4室1厅,建筑面积约11O|25楼|4室1卫|朝北,1925,https://public.danke.com.cn/public-20180309-lppuN9fMwu2pbYgJQ4OCx_v2qaeG?imageView2/1/w/380/h/285,2019-09-02 22:14:33,
20190902,hz,滨江区,滨和路,https://www.danke.com/room/2006818438.html,滨和路  瑞立中央花城 4室1厅,建筑面积约9O|16楼|4室1卫|朝北,1691,https://public.danke.com.cn/public-20180703-lvOQ8xp-GT4hOM8tWgTqsNcGxSdM?imageView2/1/w/380/h/285,2019-09-02 22:14:34,
20190902,hz,滨江区,滨和路,https://www.danke.com/duanzu/258791741.html,滨和路  温馨人家 1室2厅,建筑面积约140O|5楼|1室2卫|朝南,9530,https://public.danke.com.cn/public-20190814-FnZ9dCBMSMfQfW4O1V5HCfxCENeV?imageView2/1/w/380/h/285,2019-09-02 22:14:34,
20190902,hz,滨江区,滨和路,https://www.danke.com/room/917137805.html,滨和路  迎春小区 4室1厅,建筑面积约13O|3楼|4室1卫|朝南,1860,https://public.danke.com.cn/public-20180324-Fkrze9zM7g3RRVeaOkY3kYW00lzI?imageView2/1/w/380/h/285,2019-09-02 22:14:35,
20190902,hz,滨江区,滨和路,https://www.danke.com/room/84451755.html,滨和路  铂金时代 4室1厅,建筑面积约13O|3楼|4室1卫|朝北,1952,https://public.danke.com.cn/public-20171026-Foef4hYhi1luhExmH4Fji6yKwXKs?imageView2/1/w/380/h/285,2019-09-02 22:14:35,
20190902,hz,滨江区,滨和路,https://www.danke.com/room/948478435.html,滨和路  瑞立中央花城 4室1厅,建筑面积约18O|28楼|4室1卫|朝北,2099,https://public.danke.com.cn/public-20190215-FuKi6hPLYwupyxv_hCklffJhfGFq?imageView2/1/w/380/h/285,2019-09-02 22:14:38,
20190902,hz,滨江区,滨和路,https://www.danke.com/room/1459965134.html,滨和路  迎春南苑 4室1厅,建筑面积约9O|16楼|4室1卫|朝北,1641,https://public.danke.com.cn/public-20180419-lrGYDVsgL4SNBCZGh2afnI6Mahkh?imageView2/1/w/380/h/285,2019-09-02 22:14:39,
20190902,hz,滨江区,滨和路,https://www.danke.com/room/304718288.html,滨和路  钱塘滨和花园 4室1厅,建筑面积约14O|3楼|4室1卫|朝南,1961,https://public.danke.com.cn/public-20180614-Frso8K-Bf4-ac2Xf8cZl9nsfsWVB?imageView2/1/w/380/h/285,2019-09-02 22:14:40,
20190902,hz,滨江区,滨和路,https://www.danke.com/room/922093243.html,滨和路  迎春东苑 4室1厅,建筑面积约14O|2楼|4室1卫|朝南,1851,https://public.danke.com.cn/public-20190406-Ftcdi53FDQ_BQBT3K8OjvUXK0kv_?imageView2/1/w/380/h/285,2019-09-02 22:14:41,
20190902,hz,滨江区,滨和路,https://www.danke.com/room/1623253429.html,滨和路  铂金时代 4室1厅,建筑面积约11O|8楼|4室1卫|朝南,1775,https://public.danke.com.cn/public-20180408-lqWwRQU0FYy-h-zEh6vRcB0_Pbcw?imageView2/1/w/380/h/285,2019-09-02 22:14:41,
20190902,hz,滨江区,滨和路,https://www.danke.com/room/1127712142.html,滨和路  迎春小区 4室1厅,建筑面积约13O|5楼|4室1卫|朝南,1760,https://public.danke.com.cn/public-20180630-lp4yhqi82e94lUAoQVxErH-te9um?imageView2/1/w/380/h/285,2019-09-02 22:14:42,
20190902,hz,滨江区,滨和路,https://www.danke.com/room/740597661.html,滨和路  中栋国际 3室1厅,建筑面积约18O|29楼|3室1卫|朝南,2191,https://public.danke.com.cn/public-20190124-isz_Fu_ZLNn-SoBE9ataGdAnQuOJA3hw?imageView2/1/w/380/h/285,2019-09-02 22:14:43,
20190902,hz,滨江区,滨和路,https://www.danke.com/room/1695419398.html,滨和路  温馨人家 5室1厅,建筑面积约14O|2楼|5室1卫|朝南,1915,https://public.danke.com.cn/public-20190415-Fhv2tTx4EKjMEVLVLJLsgACA1iPK?imageView2/1/w/380/h/285,2019-09-02 22:14:44,
20190902,hz,滨江区,滨和路,https://www.danke.com/room/1829495468.html,滨和路  倾城之恋 4室1厅,建筑面积约7O|14楼|4室1卫|朝南,1541,https://public.danke.com.cn/public-20180105-FniqItqYUGhzlbUa6hyl-qPJb3vA?imageView2/1/w/380/h/285,2019-09-02 22:14:44,
20190902,hz,滨江区,滨和路,https://www.danke.com/room/270246674.html,滨和路  风雅钱塘 4室1厅,建筑面积约11O|3楼|4室1卫|朝北,1796,https://public.danke.com.cn/public-20180703-FsPsTqj-aB1TVxipnmvBme5Fq3_g?imageView2/1/w/380/h/285,2019-09-02 22:14:45,
20190902,hz,滨江区,滨和路,https://www.danke.com/room/419788602.html,滨和路  欣盛东方郡西区 4室1厅,建筑面积约10O|3楼|4室1卫|朝北,1691,https://public.danke.com.cn/public-20180115-FhkQI__JwPl7l2gTqd7O3JZ60i4v?imageView2/1/w/380/h/285,2019-09-02 22:14:46,
20190902,hz,滨江区,滨和路,https://www.danke.com/room/1485144518.html,滨和路  欣盛东方郡西区 4室1厅,建筑面积约14O|31楼|4室1卫|朝南,1900,https://public.danke.com.cn/public-20180130-FheiEPQf0kElwi_J1q6SFmWDN76Q?imageView2/1/w/380/h/285,2019-09-02 22:14:47,
20190902,hz,滨江区,滨和路,https://www.danke.com/room/410360648.html,滨和路  迎春南苑 4室1厅,建筑面积约8O|11楼|4室1卫|朝南,1491,https://public.danke.com.cn/public-20180326-lg29yO_xr9x8Tyt1kMSpXCZV9mrW?imageView2/1/w/380/h/285,2019-09-02 22:14:47,
20190902,hz,滨江区,滨和路,https://www.danke.com/room/686052479.html,滨和路  迎春小区 4室1厅,建筑面积约11O|3楼|4室1卫|朝南,1769,https://public.danke.com.cn/public-20180725-li59vQ2qarYRLzQEqNlGupM7jSzs?imageView2/1/w/380/h/285,2019-09-02 22:14:48,
20190902,hz,滨江区,滨和路,https://www.danke.com/room/41458185.html,滨和路  铂金时代 4室1厅,建筑面积约13O|25楼|4室1卫|朝南,2190,https://public.danke.com.cn/public-20180720-lmUkr03h0YzrtUkrBNxB3A3wSu9m?imageView2/1/w/380/h/285,2019-09-02 22:14:49,
20190902,hz,滨江区,滨和路,https://www.danke.com/room/760000057.html,滨和路  欣盛东方郡西区 3室1厅,建筑面积约11O|19楼|3室1卫|朝南,1908,https://public.danke.com.cn/public-20181115-lrxMhTxqEmjnBVf4Zz3pYJB6NgR7?imageView2/1/w/380/h/285,2019-09-02 22:14:50,
20190902,hz,滨江区,滨和路,https://www.danke.com/room/138824754.html,滨和路  瑞立中央花城 4室1厅,建筑面积约18O|28楼|4室1卫|朝南,2291,https://public.danke.com.cn/public-20181116-FsUb5ldgn3KzTJ-yBQLIjIXf6aSu?imageView2/1/w/380/h/285,2019-09-02 22:14:51,
20190902,hz,滨江区,滨和路,https://www.danke.com/room/1216464087.html,滨和路  温馨人家 4室1厅,建筑面积约12O|17楼|4室1卫|朝南,2016,https://public.danke.com.cn/public-20180319-lmQkKsDxXRc_wLfyYwPfDqE6M_qx?imageView2/1/w/380/h/285,2019-09-02 22:14:51,
20190902,hz,滨江区,滨和路,https://www.danke.com/room/201691868.html,滨和路  迎春小区 4室1厅,建筑面积约13O|4楼|4室1卫|朝南,1915,https://public.danke.com.cn/public-20180829-FryoNyItfbPdsGFzFCyLbYVAMyKh?imageView2/1/w/380/h/285,2019-09-02 22:14:52,
20190902,hz,滨江区,滨和路,https://www.danke.com/room/2063626992.html,滨和路  迎春南苑 5室1厅,建筑面积约18O|2楼|5室1卫|朝南,1970,https://public.danke.com.cn/public-20190215-FjQhDF6yOVtC6OTeJ5sMxjho5KL2?imageView2/1/w/380/h/285,2019-09-02 22:14:53,
20190902,hz,滨江区,滨和路,https://www.danke.com/room/1417150995.html,滨和路  倾城之恋 4室1厅,建筑面积约17O|14楼|4室1卫|朝北,1933,https://public.danke.com.cn/public-20180105-FsXUek0pdeGaJ51qSBpV_f7JMIRs?imageView2/1/w/380/h/285,2019-09-02 22:14:56,
20190902,hz,滨江区,滨和路,https://www.danke.com/room/489402537.html,滨和路  迎春小区 4室1厅,建筑面积约11O|6楼|4室1卫|朝南,1760,https://public.danke.com.cn/public-20180611-FqkEKJJnQ2wRQR6qYntSL6ETS8u9?imageView2/1/w/380/h/285,2019-09-02 22:14:57,
20190902,hz,滨江区,滨和路,https://www.danke.com/room/2098100060.html,滨和路  倾城之恋 4室0厅,建筑面积约9O|10楼|4室1卫|朝南,1866,https://public.danke.com.cn/public-20190124-isz_FlagsJAiL5aoOgurPOfg10L8Y7ti?imageView2/1/w/380/h/285,2019-09-02 22:14:58,
20190902,hz,滨江区,滨和路,https://www.danke.com/room/864298386.html,滨和路  迎春小区 4室1厅,建筑面积约12O|3楼|4室1卫|朝南,1824,https://public.danke.com.cn/public-20180316-ltx2dotOvDQcZAt8rp7h4ITMMlwr?imageView2/1/w/380/h/285,2019-09-02 22:14:58,
20190902,hz,滨江区,滨和路,https://www.danke.com/room/1707679947.html,滨和路  迎春小区 5室1厅,建筑面积约26O|3楼|5室1卫|朝南,2731,https://public.danke.com.cn/public-20190814-Fu-KGLbXGvZMnMxeJyowpkQ8L5N1?imageView2/1/w/380/h/285,2019-09-02 22:14:59,
20190902,hz,滨江区,滨和路,https://www.danke.com/room/611535856.html,滨和路  欣盛东方郡西区 4室1厅,建筑面积约10O|13楼|4室1卫|朝北,1879,https://public.danke.com.cn/public-20190323-FkwEEiz1pvg6G2AjMJjkohUigVAH?imageView2/1/w/380/h/285,2019-09-02 22:15:00,
20190902,hz,滨江区,滨和路,https://www.danke.com/room/358765353.html,滨和路  温馨人家 4室1厅,建筑面积约11O|12楼|4室1卫|朝南,1983,https://public.danke.com.cn/public-20180816-FmwG-m0VB1ZTiqdIIRW47S-iUfyE?imageView2/1/w/380/h/285,2019-09-02 22:15:01,
20190902,hz,滨江区,滨和路,https://www.danke.com/room/416386750.html,滨和路  倾城之恋 4室1厅,建筑面积约8O|2楼|4室1卫|朝南,1550,https://public.danke.com.cn/public-20180922-lrWLzUyABJyzUdvVVRet2OW8wmPE?imageView2/1/w/380/h/285,2019-09-02 22:15:01,
20190902,hz,滨江区,滨和路,https://www.danke.com/room/1246802403.html,滨和路  倾城之恋 4室1厅,建筑面积约13O|16楼|4室1卫|朝北,1888,https://public.danke.com.cn/public-20180522-llmL3oMp7A-vRijirACiSa2jnLXq?imageView2/1/w/380/h/285,2019-09-02 22:15:02,
20190902,hz,滨江区,滨和路,https://www.danke.com/room/693624709.html,滨和路  中赢康康谷 1室2厅,建筑面积约46O|12楼|1室2卫|朝北,6315,//pangu-s1.danke.com.cn/build/img/room/no-picture-e63a495fc7.jpg??imageView2/1/w/380/h/285,2019-09-02 22:15:05,
20190902,hz,滨江区,滨和路,https://www.danke.com/room/27903470.html,滨和路  中赢康康谷 1室2厅,建筑面积约46O|4楼|1室2卫|朝南,6013,//pangu-s1.danke.com.cn/build/img/room/no-picture-e63a495fc7.jpg??imageView2/1/w/380/h/285,2019-09-02 22:15:07,
20190902,hz,滨江区,滨和路,https://www.danke.com/room/861804636.html,滨和路  温馨人家 5室1厅,建筑面积约15O|2楼|5室1卫|朝南,1916,//pangu-s1.danke.com.cn/build/img/room/no-picture-e63a495fc7.jpg??imageView2/1/w/380/h/285,2019-09-02 22:15:09,
20190902,hz,滨江区,滨和路,https://www.danke.com/room/153035519.html,滨和路  温馨人家 5室1厅,建筑面积约15O|11楼|5室1卫|朝南,2099,//pangu-s1.danke.com.cn/build/img/room/no-picture-e63a495fc7.jpg??imageView2/1/w/380/h/285,2019-09-02 22:15:09,
20190902,hz,滨江区,滨和路,https://www.danke.com/room/819746050.html,滨和路  风雅钱塘 4室1厅,建筑面积约10O|29楼|4室1卫|朝南,1970,//pangu-s1.danke.com.cn/build/img/room/no-picture-e63a495fc7.jpg??imageView2/1/w/380/h/285,2019-09-02 22:15:10,
20190902,hz,滨江区,滨和路,https://www.danke.com/duanzu/1513433627.html,滨和路  铂金时代公寓 1室2厅,建筑面积约119O|6楼|1室2卫|朝南,8130,//pangu-s1.danke.com.cn/build/img/room/no-picture-e63a495fc7.jpg??imageView2/1/w/380/h/285,2019-09-02 22:15:11,
20190902,hz,滨江区,滨和路,https://www.danke.com/room/1676813959.html,滨和路  风雅钱塘 5室1厅,建筑面积约14O|5楼|5室1卫|朝南,2100,https://public.danke.com.cn/public-20180502-lpNBK0SZrMLRSZZH9VavaC2O_3m1?imageView2/1/w/380/h/285,2019-09-02 22:15:11,
20190902,hz,滨江区,滨和路,https://www.danke.com/room/585470545.html,滨和路  迎春南苑 4室1厅,建筑面积约14O|7楼|4室1卫|朝北,1890,https://public.danke.com.cn/public-20171122-FjFU5UdDhHLDVJE_ZZyyaaM2-NXQ?imageView2/1/w/380/h/285,2019-09-02 22:15:12,
20190902,hz,滨江区,滨和路,https://www.danke.com/room/1917255303.html,滨和路  迎春小区 4室1厅,建筑面积约12O|1楼|4室1卫|朝南,1790,https://public.danke.com.cn/public-20190510-FotrC5GxxtK3CX_jMwkNRMHH5jvn?imageView2/1/w/380/h/285,2019-09-02 22:15:12,
20190902,hz,滨江区,滨和路,https://www.danke.com/room/743430024.html,滨和路  迎春小区 5室2厅,建筑面积约5O|5楼|5室0卫|朝南,2440,https://public.danke.com.cn/public-20190123-isz_lkiNwqIrYdS-wr521sHZi_qb1xV0?imageView2/1/w/380/h/285,2019-09-02 22:15:13,
20190902,hz,滨江区,滨和路,https://www.danke.com/room/813664270.html,滨和路  迎春小区 4室1厅,建筑面积约13O|2楼|4室1卫|朝南,1920,https://public.danke.com.cn/public-20190215-Fmv7moWD5AaShl_q2lt62IE7_gW4?imageView2/1/w/380/h/285,2019-09-02 22:15:14,
20190902,hz,滨江区,滨和路,https://www.danke.com/room/288836822.html,滨和路  倾城之恋 4室1厅,建筑面积约11O|15楼|4室1卫|朝南,2090,https://public.danke.com.cn/public-20180515-Fi3RS2xn3sMYbreiDMCrfgOd7efB?imageView2/1/w/380/h/285,2019-09-02 22:15:18,
20190902,hz,滨江区,滨和路,https://www.danke.com/room/1421042057.html,滨和路  迎春小区 5室1厅,建筑面积约10O|3楼|5室1卫|朝南,1850,https://public.danke.com.cn/public-20190814-FmkMEN_O3iGdXfc8tFhJZST-UG1x?imageView2/1/w/380/h/285,2019-09-02 22:15:19,
20190902,hz,滨江区,滨和路,https://www.danke.com/room/1201447247.html,滨和路  迎春小区 5室1厅,建筑面积约10O|3楼|5室1卫|朝北,1790,https://public.danke.com.cn/public-20190814-FkhMt6BKIQ8u_Seetwluypll8sx1?imageView2/1/w/380/h/285,2019-09-02 22:15:20,
20190902,hz,滨江区,滨和路,https://www.danke.com/room/306987681.html,滨和路  风雅钱塘 4室1厅,建筑面积约11O|9楼|4室1卫|朝北,2080,https://public.danke.com.cn/public-20181013-FoYN-SxPnlDmXV1o5cw4YQ6m5HmC?imageView2/1/w/380/h/285,2019-09-02 22:15:21,
20190902,hz,滨江区,滨和路,https://www.danke.com/room/1049308659.html,滨和路  欣盛东方郡东区 3室1厅,建筑面积约10O|6楼|3室1卫|朝南,2150,https://public.danke.com.cn/public-20171026-Fo4Q5jgBoH7cvYMmGAQnMfkg4Dn6?imageView2/1/w/380/h/285,2019-09-02 22:15:23,
20190902,hz,滨江区,滨和路,https://www.danke.com/room/925289585.html,滨和路  迎春南苑 4室1厅,建筑面积约15O|6楼|4室1卫|朝南,2190,https://public.danke.com.cn/public-20180802-lg2lLzeVZv43p7-t4sq6D9Ch8gDR?imageView2/1/w/380/h/285,2019-09-02 22:15:24,
20190902,hz,滨江区,滨和路,https://www.danke.com/room/1897820430.html,滨和路  迎春东苑 4室1厅,建筑面积约15O|4楼|4室1卫|朝南,2160,https://public.danke.com.cn/public-20180813-FhyDsi3lBUDvW1Et4Tazv-tdQWwb?imageView2/1/w/380/h/285,2019-09-02 22:15:25,
20190902,hz,滨江区,滨和路,https://www.danke.com/room/1521069737.html,滨和路  新洲花苑东区 4室1厅,建筑面积约18O|2楼|4室1卫|朝南,2150,https://public.danke.com.cn/public-20171211-FsTxsuqUpDkfqK8odJGKyN7obcyK?imageView2/1/w/380/h/285,2019-09-02 22:15:27,
20190902,hz,滨江区,滨和路,https://www.danke.com/room/961393595.html,滨和路  迎春南苑 3室1厅,建筑面积约18O|2楼|3室1卫|朝南,2190,https://public.danke.com.cn/public-20180305-FrlsiM-XJci3sXYTOuYmLi01O9Ok?imageView2/1/w/380/h/285,2019-09-02 22:15:28,
20190902,hz,滨江区,滨和路,https://www.danke.com/room/1600008493.html,滨和路  欣盛东方郡西区 4室1厅,建筑面积约10O|27楼|4室1卫|朝北,1980,https://public.danke.com.cn/public-20180302-FlHOO-U3bECCZGk2_AfVLBBZDjny?imageView2/1/w/380/h/285,2019-09-02 22:15:29,
20190902,hz,滨江区,滨和路,https://www.danke.com/room/1836265089.html,滨和路  迎春小区 5室1厅,建筑面积约10O|4楼|5室1卫|朝南,1850,https://public.danke.com.cn/public-20190213-FvuTy45RCUxI-ntukkk8bp7vjd7y?imageView2/1/w/380/h/285,2019-09-02 22:15:29,
20190902,hz,滨江区,滨和路,https://www.danke.com/room/1098817459.html,滨和路  新洲花苑东区 4室1厅,建筑面积约8O|10楼|4室1卫|朝南,1800,https://public.danke.com.cn/public-20190820-Fn66ZPkr9eeKHDA4_gRMCrLc6U7D?imageView2/1/w/380/h/285,2019-09-02 22:15:30,
20190902,hz,滨江区,滨和路,https://www.danke.com/room/811130737.html,滨和路  新洲花苑东区 4室1厅,建筑面积约14O|10楼|4室1卫|朝南,2170,https://public.danke.com.cn/public-20190820-li9WxMyD440iWu5TMm0FDs_TMSSV?imageView2/1/w/380/h/285,2019-09-02 22:15:31,
20190902,hz,滨江区,滨和路,https://www.danke.com/room/324105694.html,滨和路  迎春小区 4室1厅,建筑面积约10O|3楼|4室1卫|朝西,1790,https://public.danke.com.cn/public-20180725-linTkrhbDgxv8XmkWGGmSI-U-6It?imageView2/1/w/380/h/285,2019-09-02 22:15:31,
20190902,hz,滨江区,滨和路,https://www.danke.com/room/918948667.html,滨和路  新洲花苑东区 4室1厅,建筑面积约16O|8楼|4室1卫|朝北,2270,https://public.danke.com.cn/public-20190825-FuWTHnzoIPYyM4C9zdupYgeydrf7?imageView2/1/w/380/h/285,2019-09-02 22:15:32,
20190902,hz,滨江区,滨和路,https://www.danke.com/room/1979390386.html,滨和路  新洲花苑东区 4室1厅,建筑面积约15O|3楼|4室1卫|朝南,2290,https://public.danke.com.cn/public-20190826-FjrhgbRN9umW8UO6n7tochfjZuOp?imageView2/1/w/380/h/285,2019-09-02 22:15:33,
20190902,hz,滨江区,滨和路,https://www.danke.com/room/2087205137.html,滨和路  新洲花苑东区 4室1厅,建筑面积约16O|3楼|4室1卫|朝南,2270,https://public.danke.com.cn/public-20190826-FpzLUMHz8blHD6jPJXiB0sZcV8Pd?imageView2/1/w/380/h/285,2019-09-02 22:15:33,
20190902,hz,滨江区,滨和路,https://www.danke.com/room/1692752240.html,滨和路  新洲花苑东区 4室1厅,建筑面积约7O|3楼|4室1卫|朝南,1800,https://public.danke.com.cn/public-20190826-Ft5jnpUTQJ-8GUXma78_Y-hsXADT?imageView2/1/w/380/h/285,2019-09-02 22:15:34,
20190902,hz,滨江区,滨和路,https://www.danke.com/room/487244838.html,滨和路  中栋国际 3室2厅,建筑面积约13O|17楼|3室1卫|朝东南,1850,https://public.danke.com.cn/public-20190124-isz_FvcUz9BVPK-9JIUPUISDoKJoLVrX?imageView2/1/w/380/h/285,2019-09-02 22:15:35,
20190902,hz,滨江区,滨和路,https://www.danke.com/room/744311057.html,滨和路  瑞立中央花城 6室1厅,建筑面积约16O|14楼|6室1卫|朝南,2220,https://public.danke.com.cn/public-20180402-FuNAKWfD7Ct4KPQmbDPoZp_47jH_?imageView2/1/w/380/h/285,2019-09-02 22:15:36,
20190902,hz,滨江区,滨和路,https://www.danke.com/room/1708161450.html,滨和路  温馨人家 4室1厅,建筑面积约12O|2楼|4室1卫|朝南,2090,https://public.danke.com.cn/public-20171026-FgVDLjPcLCGb6MVFvDIwjYWrXs7g?imageView2/1/w/380/h/285,2019-09-02 22:15:39,
20190902,hz,滨江区,滨和路,https://www.danke.com/room/1240186642.html,滨和路  新洲花苑东区 4室1厅,建筑面积约15O|10楼|4室1卫|朝南,2200,https://public.danke.com.cn/public-20190820-Fu8ohQC7dgPbEiIN-Ayl6bp4cicg?imageView2/1/w/380/h/285,2019-09-02 22:15:41,
20190902,hz,滨江区,滨和路,https://www.danke.com/room/341267500.html,滨和路  欣盛东方郡东区 4室1厅,建筑面积约14O|4楼|4室2卫|朝南,1990,https://public.danke.com.cn/public-20180310-Fvi5NZr5sisuWZubyuOt990sYpBd?imageView2/1/w/380/h/285,2019-09-02 22:15:41,
20190902,hz,滨江区,滨和路,https://www.danke.com/room/1128054100.html,滨和路  风雅钱塘 4室1厅,建筑面积约10O|23楼|4室1卫|朝东南,2060,https://public.danke.com.cn/public-20180803-Fi2ZRxA5UXXNpLldIMSTSxPn1U-K?imageView2/1/w/380/h/285,2019-09-02 22:15:42,
20190902,hz,滨江区,滨和路,https://www.danke.com/room/982719097.html,滨和路  风雅钱塘 4室1厅,建筑面积约16O|23楼|4室1卫|朝西北,2440,https://public.danke.com.cn/public-20180803-Fpz2B5GQ4X929RXuv0oWrViELXfB?imageView2/1/w/380/h/285,2019-09-02 22:15:43,
20190902,hz,滨江区,滨和路,https://www.danke.com/room/587959214.html,滨和路  温馨人家 4室1厅,建筑面积约11O|14楼|4室1卫|朝南,1990,https://public.danke.com.cn/public-20180912-loESYmN8tFkaIeZOlyuz8EqZ_LRr?imageView2/1/w/380/h/285,2019-09-02 22:15:44,
20190902,hz,滨江区,滨和路,https://www.danke.com/room/1481520849.html,滨和路  迎春南苑 4室1厅,建筑面积约14O|5楼|4室0卫|朝北,2060,https://public.danke.com.cn/public-20190124-isz_FtZkDk3B0k-xf6gMGLR21ivTD1wY?imageView2/1/w/380/h/285,2019-09-02 22:15:45,
20190902,hz,滨江区,滨和路,https://www.danke.com/room/1289738973.html,滨和路  迎春南苑 3室1厅,建筑面积约10O|4楼|3室1卫|朝南,1760,https://public.danke.com.cn/public-20181119-Fljz3OBnw5nb-_4x3edHDl9pJuVq?imageView2/1/w/380/h/285,2019-09-02 22:15:46,
20190902,hz,滨江区,滨和路,https://www.danke.com/room/1140834712.html,滨和路  迎春小区 4室1厅,建筑面积约10O|6楼|4室1卫|朝东,1730,https://public.danke.com.cn/public-20180308-FvqhoGRRS3SLNqES8t-2ApRR3iNb?imageView2/1/w/380/h/285,2019-09-02 22:15:46,
20190902,hz,滨江区,滨和路,https://www.danke.com/room/1511241176.html,滨和路  龙湖春江俪城 4室1厅,建筑面积约7O|32楼|4室1卫|朝北,1690,https://public.danke.com.cn/public-20180320-lod2o1kAOcoFf3l41GXAYAuTZnqM?imageView2/1/w/380/h/285,2019-09-02 22:15:47,
20190902,hz,滨江区,滨和路,https://www.danke.com/room/1008541084.html,滨和路  倾城之恋 3室1厅,建筑面积约17O|8楼|3室1卫|朝南,2590,https://public.danke.com.cn/public-20180806-lrEhoIUy2PWDoz3p-W2m2aN8Cg68?imageView2/1/w/380/h/285,2019-09-02 22:15:48,
20190902,hz,滨江区,滨和路,https://www.danke.com/room/473735313.html,滨和路  迎春小区 3室1厅,建筑面积约15O|6楼|3室1卫|朝南,2260,https://public.danke.com.cn/public-20180830-ln6kiYjiOG8RhwF9nFqI8ZiwI9iO?imageView2/1/w/380/h/285,2019-09-02 22:15:49,
20190902,hz,滨江区,滨和路,https://www.danke.com/room/1465005872.html,滨和路  迎春南苑 3室1厅,建筑面积约15O|3楼|3室1卫|朝南,2030,https://public.danke.com.cn/public-20190115-FoJfq4nGZpeOnj8bvTYi_BQhtUKr?imageView2/1/w/380/h/285,2019-09-02 22:15:49,
20190902,hz,滨江区,滨和路,https://www.danke.com/room/232646411.html,滨和路  迎春南苑 4室1厅,建筑面积约9O|13楼|4室1卫|朝南,1890,https://public.danke.com.cn/public-20180321-FrKz9iwsQv4nb3HkOlIMjcXzjCNE?imageView2/1/w/380/h/285,2019-09-02 22:15:50,
20190902,hz,滨江区,滨和路,https://www.danke.com/room/1039747503.html,滨和路  温馨人家 5室1厅,建筑面积约22O|1楼|5室1卫|朝西北,2360,https://public.danke.com.cn/public-20180413-FjZBT22RwVczGgYd8x0OO0edWnpk?imageView2/1/w/380/h/285,2019-09-02 22:15:50,
20190902,hz,滨江区,滨和路,https://www.danke.com/room/1075793774.html,滨和路  迎春小区 4室1厅,建筑面积约9O|4楼|4室1卫|朝东,1760,https://public.danke.com.cn/public-20180725-FiatdjPHPlqbDzhE4m4v4LSilzYp?imageView2/1/w/380/h/285,2019-09-02 22:15:51,
20190902,hz,滨江区,滨和路,https://www.danke.com/room/1879762379.html,滨和路  迎春东苑 4室1厅,建筑面积约11O|2楼|4室1卫|朝南,1930,https://public.danke.com.cn/public-20190124-isz_FrFFhVhBbGnXxJPjX5P0ZZ8Zv5I_?imageView2/1/w/380/h/285,2019-09-02 22:15:51,
20190902,hz,滨江区,滨和路,https://www.danke.com/room/191271635.html,滨和路  温馨人家 4室2厅,建筑面积约26O|5楼|4室1卫|朝南,3390,https://public.danke.com.cn/public-20190124-isz_FuLt9oJ4k0W0WhDdYHHXa-ABlq8i?imageView2/1/w/380/h/285,2019-09-02 22:15:52,
20190902,hz,滨江区,滨和路,https://www.danke.com/room/1365208042.html,滨和路  欣盛东方郡西区 3室1厅,建筑面积约19O|12楼|3室1卫|朝南,2460,https://public.danke.com.cn/public-20190215-Frm5cXznxJbNP5olJJLbJrfJzDvo?imageView2/1/w/380/h/285,2019-09-02 22:15:56,
20190902,hz,滨江区,滨和路,https://www.danke.com/room/770333345.html,滨和路  迎春南苑 3室1厅,建筑面积约14O|4楼|3室1卫|朝南,2060,https://public.danke.com.cn/public-20190214-FrWlUzWySGY87vOoKG3nV5Qgu01f?imageView2/1/w/380/h/285,2019-09-02 22:15:56,
20190902,hz,滨江区,滨和路,https://www.danke.com/room/419726990.html,滨和路  迎春南苑 4室1厅,建筑面积约15O|4楼|4室1卫|朝东,1960,https://public.danke.com.cn/public-20190213-Fp8wvWvYeGxZBpMaVv5mgFa-mmhK?imageView2/1/w/380/h/285,2019-09-02 22:15:59,
20190902,hz,滨江区,滨和路,https://www.danke.com/room/1343756029.html,滨和路  迎春北苑 4室1厅,建筑面积约14O|2楼|4室1卫|朝南,2030,https://public.danke.com.cn/public-20180307-FvUSmsc7ViM6EPGOIv-KVGEbu9M1?imageView2/1/w/380/h/285,2019-09-02 22:16:00,
20190902,hz,滨江区,滨和路,https://www.danke.com/room/312321223.html,滨和路  中栋国际 3室2厅,建筑面积约13O|17楼|3室1卫|朝南,1830,https://public.danke.com.cn/public-20190124-isz_FpUmxN2QEfdOV-oThcvRU09EBWpX?imageView2/1/w/380/h/285,2019-09-02 22:16:00,
20190902,hz,滨江区,滨和路,https://www.danke.com/room/26704340.html,滨和路  迎春南苑 4室1厅,建筑面积约14O|6楼|4室1卫|朝南,1900,https://public.danke.com.cn/public-20171128-FnnJJZk4ImVxrxuFzfIbdaKMKviO?imageView2/1/w/380/h/285,2019-09-02 22:16:02,
20190902,hz,滨江区,滨和路,https://www.danke.com/room/1312639022.html,滨和路  迎春小区 4室1厅,建筑面积约11O|3楼|4室1卫|朝南,1890,https://public.danke.com.cn/public-20180324-Fm-MXpYYYtOSO6xfC4Q0Vv0L3Eko?imageView2/1/w/380/h/285,2019-09-02 22:16:02,
20190902,hz,滨江区,滨和路,https://www.danke.com/room/1201822306.html,滨和路  迎春小区 4室1厅,建筑面积约7O|2楼|4室1卫|朝南,1530,https://public.danke.com.cn/public-20190505-FlGuv6oF2a9Lu1UytBXokiWkxcw-?imageView2/1/w/380/h/285,2019-09-02 22:16:03,
20190902,hz,滨江区,滨和路,https://www.danke.com/duanzu/1710558292.html,滨和路  铂金时代公寓 4室2厅,建筑面积约16O|14楼|4室2卫|朝南,2830,https://public.danke.com.cn/public-20190124-isz_FhoKdVu-4TRprkhzYERk2SoCQt_o?imageView2/1/w/380/h/285,2019-09-02 22:16:04,
20190902,hz,滨江区,滨和路,https://www.danke.com/room/213455236.html,滨和路  欣盛东方郡西区 3室2厅,建筑面积约16O|10楼|3室1卫|朝南,2160,https://public.danke.com.cn/public-20190519-FmxJ066V51KX00L2KhCibMSdASjx?imageView2/1/w/380/h/285,2019-09-02 22:16:04,
20190902,hz,滨江区,滨和路,https://www.danke.com/room/1286565671.html,滨和路  新洲花苑东区 3室1厅,建筑面积约14O|7楼|3室1卫|朝南,2090,https://public.danke.com.cn/public-20180125-FrY7uxPpLxECl0x4ybbRK2fYdNef?imageView2/1/w/380/h/285,2019-09-02 22:16:05,
20190902,hz,滨江区,滨和路,https://www.danke.com/room/1696173063.html,滨和路  中栋国际 5室1厅,建筑面积约13O|14楼|5室1卫|朝南,1990,https://public.danke.com.cn/public-20181128-FpGitaDAGFUnYGJhgIRrLKTrers8?imageView2/1/w/380/h/285,2019-09-02 22:16:05,
20190902,hz,滨江区,滨和路,https://www.danke.com/duanzu/2092596917.html,滨和路  荣安望江南 3室0厅,建筑面积约87O|5楼|3室1卫|朝南,5630,https://public.danke.com.cn/public-20190510-FqraZUJ-a_23yAolojDRsEF_yM8S?imageView2/1/w/380/h/285,2019-09-02 22:16:06,
20190902,hz,滨江区,滨和路,https://www.danke.com/room/1823131922.html,滨和路  欣盛东方郡西区 4室1厅,建筑面积约10O|29楼|4室1卫|朝南,2160,https://public.danke.com.cn/public-20171202-Fo6491NNKKtir3NNFtDDZbBqkRGI?imageView2/1/w/380/h/285,2019-09-02 22:16:06,
20190902,hz,滨江区,滨和路,https://www.danke.com/room/1130677717.html,滨和路  迎春小区 4室1厅,建筑面积约10O|2楼|4室1卫|朝东,1830,https://public.danke.com.cn/public-20181217-FoedaytVKa-8hDqJ-kyz_TQPjEJ4?imageView2/1/w/380/h/285,2019-09-02 22:16:07,
20190902,hz,滨江区,滨和路,https://www.danke.com/room/1993719102.html,滨和路  倾城之恋 4室1厅,建筑面积约12O|16楼|4室1卫|朝南,2260,https://public.danke.com.cn/public-20190124-isz_Fl-qlTYzJn4uOOKMKWotikcgj4-X?imageView2/1/w/380/h/285,2019-09-02 22:16:07,
20190902,hz,滨江区,滨和路,https://www.danke.com/room/1436268341.html,滨和路  迎春小区 4室1厅,建筑面积约6O|1楼|4室1卫|朝北,1560,https://public.danke.com.cn/public-20190901-Fhn0Qoj-LuDndHqTb5f3YQcHUQMq?imageView2/1/w/380/h/285,2019-09-02 22:16:08,
20190902,hz,滨江区,滨和路,https://www.danke.com/room/1544082580.html,滨和路  迎春小区 4室1厅,建筑面积约8O|1楼|4室1卫|朝东,1730,https://public.danke.com.cn/public-20190901-FmTDrGSXTDfpC0eFdttsGB0Zadj3?imageView2/1/w/380/h/285,2019-09-02 22:16:08,
20190902,hz,滨江区,滨和路,https://www.danke.com/room/1149629691.html,滨和路  迎春小区 4室1厅,建筑面积约11O|1楼|4室1卫|朝南,1900,https://public.danke.com.cn/public-20190901-FuzfI9XnDHpR82kYT98ybuPLALJJ?imageView2/1/w/380/h/285,2019-09-02 22:16:09,
20190902,hz,滨江区,滨和路,https://www.danke.com/room/1341264986.html,滨和路  迎春小区 4室1厅,建筑面积约13O|1楼|4室1卫|朝南,2060,https://public.danke.com.cn/public-20190901-FnCMT8UZThY26cTYy3DnMUIYvCZr?imageView2/1/w/380/h/285,2019-09-02 22:16:09,
20190902,hz,滨江区,滨和路,https://www.danke.com/duanzu/1585671785.html,滨和路  迎春北苑 5室2厅,建筑面积约9O|4楼|5室1卫|朝东,2030,https://public.danke.com.cn/public-20190523-Fp2jRZOZ81zYH4VzoCqbAxIorkVp?imageView2/1/w/380/h/285,2019-09-02 22:16:09,
20190902,hz,滨江区,滨和路,https://www.danke.com/room/1315347778.html,滨和路  欣盛东方郡西区 4室1厅,建筑面积约13O|22楼|4室1卫|朝南,2260,https://public.danke.com.cn/public-20180412-lsn29CjYjySuzCzb6t9lAhdzjbFg?imageView2/1/w/380/h/285,2019-09-02 22:16:10,
20190902,hz,滨江区,滨和路,https://www.danke.com/room/853082462.html,滨和路  迎春小区 4室1厅,建筑面积约13O|6楼|4室1卫|朝南,1860,https://public.danke.com.cn/public-20180308-FnEPqtIoRGhNKHfY4-Yig3CIHws4?imageView2/1/w/380/h/285,2019-09-02 22:16:12,
20190902,hz,滨江区,滨和路,https://www.danke.com/room/79406840.html,滨和路  欣盛东方郡东区 3室1厅,建筑面积约11O|19楼|3室1卫|朝南,2190,https://public.danke.com.cn/public-20171026-Fu39ATI2Er5pQzErPxjDzyo4Qplw?imageView2/1/w/380/h/285,2019-09-02 22:16:13,
20190902,hz,滨江区,滨和路,https://www.danke.com/room/457408893.html,滨和路  欣盛东方郡西区 3室1厅,建筑面积约11O|5楼|3室1卫|朝南,2190,https://public.danke.com.cn/public-20180514-lo0aj-AC9fVhI1xcjPYxwaClnLvr?imageView2/1/w/380/h/285,2019-09-02 22:16:13,
20190902,hz,滨江区,滨和路,https://www.danke.com/room/415416826.html,滨和路  迎春北苑 4室1厅,建筑面积约8O|6楼|4室1卫|朝北,1690,https://public.danke.com.cn/public-20180528-lid-YgjGloXGQB2LRB_cmHPeyvSH?imageView2/1/w/380/h/285,2019-09-02 22:16:14,
20190902,hz,滨江区,滨和路,https://www.danke.com/room/1445406221.html,滨和路  风雅钱塘 4室1厅,建筑面积约21O|8楼|4室1卫|朝南,3060,https://public.danke.com.cn/public-20180719-lq5Fzcltap5VuEX67zNEC2QJ7uBr?imageView2/1/w/380/h/285,2019-09-02 22:16:14,
20190902,hz,滨江区,滨和路,https://www.danke.com/room/334750555.html,滨和路  龙湖春江俪城 4室1厅,建筑面积约7O|27楼|4室1卫|朝北,1840,https://public.danke.com.cn/public-20190416-FuvDjkxyEjsX6twhkQGg7WUb7EYR?imageView2/1/w/380/h/285,2019-09-02 22:16:14,
20190902,hz,滨江区,滨和路,https://www.danke.com/room/1866746545.html,滨和路  迎春小区 4室1厅,建筑面积约11O|4楼|4室1卫|朝南,1800,https://public.danke.com.cn/public-20190213-FkwWwob9Al9wlvUNAqcW6zWjx4oL?imageView2/1/w/380/h/285,2019-09-02 22:16:15,
20190902,hz,滨江区,滨和路,https://www.danke.com/room/519718171.html,滨和路  风雅钱塘 4室1厅,建筑面积约11O|17楼|4室1卫|朝北,2070,https://public.danke.com.cn/public-20190323-FnLHCNItrY4SNTru_kTf9l6Di3wy?imageView2/1/w/380/h/285,2019-09-02 22:16:15,
20190902,hz,滨江区,滨和路,https://www.danke.com/room/566354582.html,滨和路  龙湖春江俪城 4室1厅,建筑面积约7O|27楼|4室1卫|朝北,1660,https://public.danke.com.cn/public-20180308-lm3aDnWZarcO5dG-GgI_vtruW17h?imageView2/1/w/380/h/285,2019-09-02 22:16:15,
20190902,hz,滨江区,滨和路,https://www.danke.com/room/1878777166.html,滨和路  迎春小区 4室1厅,建筑面积约20O|2楼|4室1卫|朝南,2690,https://public.danke.com.cn/public-20181205-FguVxmXcrwaKJQP2SdMwzTRAticm?imageView2/1/w/380/h/285,2019-09-02 22:16:16,
20190902,hz,滨江区,滨和路,https://www.danke.com/room/755195219.html,滨和路  欣盛东方郡西区 5室1厅,建筑面积约6O|2楼|5室1卫|朝北,1670,https://public.danke.com.cn/public-20190211-FjTan6p0DQ1rt3LciLRKRvUCtB0o?imageView2/1/w/380/h/285,2019-09-02 22:16:16,
20190902,hz,滨江区,滨和路,https://www.danke.com/room/251007007.html,滨和路  瑞立中央花城 4室1厅,建筑面积约10O|11楼|4室1卫|朝北,2140,https://public.danke.com.cn/public-20180427-lmo5C_IlksSwvx2pizTqFGRukKjN?imageView2/1/w/380/h/285,2019-09-02 22:16:16,
20190902,hz,滨江区,滨和路,https://www.danke.com/room/457536596.html,滨和路  迎春南苑 3室1厅,建筑面积约9O|6楼|3室1卫|朝北,1660,https://public.danke.com.cn/public-20180531-lpNZyASytUHLJT6jHBIPzgxl8pox?imageView2/1/w/380/h/285,2019-09-02 22:16:17,
20190902,hz,滨江区,滨和路,https://www.danke.com/room/365563906.html,滨和路  新洲花苑西区 4室1厅,建筑面积约19O|14楼|4室1卫|朝南,2660,https://public.danke.com.cn/public-20180630-lkCQDMiwe-148sap6ZjJ5Kt-yuxy?imageView2/1/w/380/h/285,2019-09-02 22:16:17,
20190902,hz,滨江区,滨和路,https://www.danke.com/room/748444363.html,滨和路  欣盛东方郡东区 3室1厅,建筑面积约13O|31楼|3室1卫|朝南,2520,https://public.danke.com.cn/public-20180308-FvEUk-WiIRwy3mhnRJ-7h_T6iHpT?imageView2/1/w/380/h/285,2019-09-02 22:16:17,
20190902,hz,滨江区,滨和路,https://www.danke.com/duanzu/1818373563.html,滨和路  铂金时代公寓 4室2厅,建筑面积约9O|14楼|4室2卫|朝北,2360,https://public.danke.com.cn/public-20190124-isz_FqAclG1qAxZnzoLYlBk8qAiXuUTa?imageView2/1/w/380/h/285,2019-09-02 22:16:18,
20190902,hz,滨江区,滨和路,https://www.danke.com/room/1922127869.html,滨和路  倾城之恋 4室0厅,建筑面积约11O|10楼|4室1卫|朝南,2340,https://public.danke.com.cn/public-20190124-isz_FkVLFyiQVNKvMZulBno_lakS4XYr?imageView2/1/w/380/h/285,2019-09-02 22:16:18,
20190902,hz,滨江区,滨和路,https://www.danke.com/duanzu/2141350515.html,滨和路  欣盛东方郡西区 1室2厅,建筑面积约138O|7楼|1室2卫|朝南,9360,//pangu-s1.danke.com.cn/build/img/room/no-picture-e63a495fc7.jpg??imageView2/1/w/380/h/285,2019-09-02 22:16:18,
20190902,hz,滨江区,滨和路,https://www.danke.com/room/423404943.html,滨和路  中赢康康谷 1室1厅,建筑面积约46O|4楼|1室1卫|朝南,6990,//pangu-s1.danke.com.cn/build/img/room/no-picture-e63a495fc7.jpg??imageView2/1/w/380/h/285,2019-09-02 22:16:18,
20190902,hz,滨江区,滨和路,https://www.danke.com/duanzu/83868126.html,滨和路  温馨人家 1室2厅,建筑面积约132O|5楼|1室2卫|朝南,9200,//pangu-s1.danke.com.cn/build/img/room/no-picture-e63a495fc7.jpg??imageView2/1/w/380/h/285,2019-09-02 22:16:19,
20190902,hz,滨江区,滨和路,https://www.danke.com/duanzu/598730536.html,滨和路  新州花苑 1室1厅,建筑面积约111O|8楼|1室1卫|朝南,8430,//pangu-s1.danke.com.cn/build/img/room/no-picture-e63a495fc7.jpg??imageView2/1/w/380/h/285,2019-09-02 22:16:20,
20190902,hz,滨江区,滨和路,https://www.danke.com/room/306316219.html,滨和路  迎春东苑 4室1厅,建筑面积约19O|4楼|4室1卫|朝南,2550,//pangu-s1.danke.com.cn/build/img/room/no-picture-e63a495fc7.jpg??imageView2/1/w/380/h/285,2019-09-02 22:16:20,
20190902,hz,滨江区,滨和路,https://www.danke.com/room/699637843.html,滨和路  迎春小区 4室1厅,建筑面积约12O|5楼|4室1卫|朝南,1890,//pangu-s1.danke.com.cn/build/img/room/no-picture-e63a495fc7.jpg??imageView2/1/w/380/h/285,2019-09-02 22:16:20,
20190902,hz,滨江区,滨和路,https://www.danke.com/room/933496526.html,滨和路  中赢康康谷 1室1厅,建筑面积约45O|4楼|1室2卫|朝南,6890,//pangu-s1.danke.com.cn/build/img/room/no-picture-e63a495fc7.jpg??imageView2/1/w/380/h/285,2019-09-02 22:16:20,
20190902,hz,滨江区,滨和路,https://www.danke.com/duanzu/1470694872.html,滨和路  中栋国际 1室1厅,建筑面积约44O|5楼|1室1卫|朝南,4260,//pangu-s1.danke.com.cn/build/img/room/no-picture-e63a495fc7.jpg??imageView2/1/w/380/h/285,2019-09-02 22:16:21,
20190902,hz,滨江区,滨和路,https://www.danke.com/room/375478315.html,滨和路  风雅钱塘 3室1厅,建筑面积约13O|27楼|3室1卫|朝西,2110,//pangu-s1.danke.com.cn/build/img/room/no-picture-e63a495fc7.jpg??imageView2/1/w/380/h/285,2019-09-02 22:16:21,
20190902,hz,滨江区,滨和路,https://www.danke.com/room/841419379.html,滨和路  迎春南苑 4室1厅,建筑面积约16O|5楼|4室1卫|朝南,2080,//pangu-s1.danke.com.cn/build/img/room/no-picture-e63a495fc7.jpg??imageView2/1/w/380/h/285,2019-09-02 22:16:21,
20190902,hz,滨江区,滨和路,https://www.danke.com/room/620841777.html,滨和路  迎春南苑 4室1厅,建筑面积约12O|5楼|4室1卫|朝西,1880,//pangu-s1.danke.com.cn/build/img/room/no-picture-e63a495fc7.jpg??imageView2/1/w/380/h/285,2019-09-02 22:16:21,
20190902,hz,滨江区,滨和路,https://www.danke.com/room/746481808.html,滨和路  迎春南苑 4室1厅,建筑面积约9O|5楼|4室1卫|朝北,1770,//pangu-s1.danke.com.cn/build/img/room/no-picture-e63a495fc7.jpg??imageView2/1/w/380/h/285,2019-09-02 22:16:22,
20190902,hz,滨江区,滨和路,https://www.danke.com/room/168652339.html,滨和路  新洲花苑西区 4室1厅,建筑面积约19O|25楼|4室1卫|朝南,2560,//pangu-s1.danke.com.cn/build/img/room/no-picture-e63a495fc7.jpg??imageView2/1/w/380/h/285,2019-09-02 22:16:22,
20190902,hz,滨江区,滨和路,https://www.danke.com/duanzu/1579558207.html,滨和路  中栋国际 1室1厅,建筑面积约43O|5楼|1室1卫|朝南,3960,//pangu-s1.danke.com.cn/build/img/room/no-picture-e63a495fc7.jpg??imageView2/1/w/380/h/285,2019-09-02 22:16:22,
20190902,hz,滨江区,滨和路,https://www.danke.com/room/578294379.html,滨和路  温馨人家 4室1厅,建筑面积约26O|12楼|4室1卫|朝南,3190,//pangu-s1.danke.com.cn/build/img/room/no-picture-e63a495fc7.jpg??imageView2/1/w/380/h/285,2019-09-02 22:16:22,
20190902,hz,滨江区,滨和路,https://www.danke.com/room/804534468.html,滨和路  风雅钱塘 3室1厅,建筑面积约20O|27楼|3室1卫|朝南,3020,//pangu-s1.danke.com.cn/build/img/room/no-picture-e63a495fc7.jpg??imageView2/1/w/380/h/285,2019-09-02 22:16:22,
