20190902,hz,滨江区,西兴,https://www.danke.com/room/530527016.html,西兴  春波西苑 4室1厅,建筑面积约10O|6楼|4室1卫|朝南,1769,https://public.danke.com.cn/public-20180202-Flg0Nt9m61pu8hCT-5FK7hVkJh9j?imageView2/1/w/380/h/285,2019-09-02 22:14:00,
20190902,hz,滨江区,西兴,https://www.danke.com/room/2084173038.html,西兴  湘云雅苑 4室1厅,建筑面积约11O|33楼|4室1卫|朝南,1723,https://public.danke.com.cn/public-20181126-FsvOYBpTX3f3vLDUIbNOTOUTpk3i?imageView2/1/w/380/h/285,2019-09-02 22:14:00,
20190902,hz,滨江区,西兴,https://www.danke.com/room/1039599764.html,西兴  湘云雅苑 4室1厅,建筑面积约13O|6楼|4室1卫|朝南,1950,https://public.danke.com.cn/public-20181110-Fo4Bqi3-_bfmCJR7e7wOdUnRjjDr?imageView2/1/w/380/h/285,2019-09-02 22:14:01,
20190902,hz,滨江区,西兴,https://www.danke.com/room/628331337.html,西兴  湘云雅苑 3室1厅,建筑面积约14O|22楼|3室1卫|朝南,1691,https://public.danke.com.cn/public-20190123-isz_FtY-RhxO61gqmH2FxlcKMylIeV3f?imageView2/1/w/380/h/285,2019-09-02 22:14:01,
20190902,hz,滨江区,西兴,https://www.danke.com/room/506462937.html,西兴  官河公寓 4室1厅,建筑面积约15O|5楼|4室1卫|朝南,1990,https://public.danke.com.cn/public-20180628-lmtDLTz7xQ1kdwWtyO-awKWUfP9W?imageView2/1/w/380/h/285,2019-09-02 22:14:02,
20190902,hz,滨江区,西兴,https://www.danke.com/room/1265605226.html,西兴  温兴风情苑 5室2厅,建筑面积约10O|4楼|5室1卫|朝北,1633,https://public.danke.com.cn/public-20190124-isz_Ft38V1N80aOYP1RD0KZAv9zbSwOH?imageView2/1/w/380/h/285,2019-09-02 22:14:02,
20190902,hz,滨江区,西兴,https://www.danke.com/room/1305715082.html,西兴  滨安小区 4室1厅,建筑面积约16O|5楼|4室1卫|朝南,2050,https://public.danke.com.cn/public-20180214-FpwcZa7zdBxbCnLPEDeb8mMltsfo?imageView2/1/w/380/h/285,2019-09-02 22:14:02,
20190902,hz,滨江区,西兴,https://www.danke.com/room/807870289.html,西兴  铁岭花园 5室2厅,建筑面积约20O|3楼|5室1卫|朝南,1883,https://public.danke.com.cn/public-20190124-isz_FsxnnqwzGxS767uCimxCGP6MfGy_?imageView2/1/w/380/h/285,2019-09-02 22:14:03,
20190902,hz,滨江区,西兴,https://www.danke.com/room/1638605079.html,西兴  春波东苑 4室1厅,建筑面积约16O|2楼|4室1卫|朝东,1883,https://public.danke.com.cn/public-20180709-loulYXz0T55OrbvH6GhQxDPunnvN?imageView2/1/w/380/h/285,2019-09-02 22:14:03,
20190902,hz,滨江区,西兴,https://www.danke.com/room/219103602.html,西兴  湘云雅苑 4室1厅,建筑面积约14O|15楼|4室1卫|朝北,1683,https://public.danke.com.cn/public-20180710-lk9TC72FAAMkILkkybL76y3GKPcn?imageView2/1/w/380/h/285,2019-09-02 22:14:04,
20190902,hz,滨江区,西兴,https://www.danke.com/room/1432447423.html,西兴  滨安小区 4室1厅,建筑面积约12O|4楼|4室1卫|朝北,1860,https://public.danke.com.cn/public-20180423-Fuf6rz9bF5cEIxKhM-9_OkfYAwtS?imageView2/1/w/380/h/285,2019-09-02 22:14:05,
20190902,hz,滨江区,西兴,https://www.danke.com/room/827439850.html,西兴  瑞丽东方花城 4室1厅,建筑面积约17O|6楼|4室1卫|朝西南,2090,//pangu-s1.danke.com.cn/build/img/room/no-picture-e63a495fc7.jpg??imageView2/1/w/380/h/285,2019-09-02 22:14:05,
20190902,hz,滨江区,西兴,https://www.danke.com/room/881852189.html,西兴  湘云雅苑 4室1厅,建筑面积约15O|12楼|4室1卫|朝南,1608,https://public.danke.com.cn/public-20190123-isz_FrYVu9iWWRj7eeUrh_ygOinccNZu?imageView2/1/w/380/h/285,2019-09-02 22:14:06,
20190902,hz,滨江区,西兴,https://www.danke.com/room/1895697766.html,西兴  春波小区 3室1厅,建筑面积约12O|6楼|3室1卫|朝南,1741,https://public.danke.com.cn/public-20180831-lmrRkrafkjh8Kqj6aM8OvhbNV7RR?imageView2/1/w/380/h/285,2019-09-02 22:14:06,
20190902,hz,滨江区,西兴,https://www.danke.com/room/1415625051.html,西兴  湘云雅苑 5室1厅,建筑面积约14O|16楼|5室1卫|朝东,1683,https://public.danke.com.cn/public-20180824-lhhUd_nkG7ENWwzZUi9g-2aWCH3D?imageView2/1/w/380/h/285,2019-09-02 22:14:07,
20190902,hz,滨江区,西兴,https://www.danke.com/room/205748082.html,西兴  西陵社区 4室1厅,建筑面积约8O|2楼|4室1卫|朝西,1408,https://public.danke.com.cn/public-20180704-Frkm5FZsUZcLDImINNj3TR8ApBen?imageView2/1/w/380/h/285,2019-09-02 22:14:08,
20190902,hz,滨江区,西兴,https://www.danke.com/room/101470351.html,西兴  春波西苑 4室1厅,建筑面积约13O|6楼|4室1卫|朝南,1860,https://public.danke.com.cn/public-20180202-FjuH_kNETE-yIKkbBzPXnwcyE47L?imageView2/1/w/380/h/285,2019-09-02 22:14:08,
20190902,hz,滨江区,西兴,https://www.danke.com/room/142332086.html,西兴  湘云雅苑 3室1厅,建筑面积约12O|22楼|3室1卫|朝西南,1741,https://public.danke.com.cn/public-20190123-isz_FoFweYnYGjIBhK2RqdqVCewQYd42?imageView2/1/w/380/h/285,2019-09-02 22:14:09,
20190902,hz,滨江区,西兴,https://www.danke.com/room/2002515794.html,西兴  滨安小区 4室1厅,建筑面积约13O|3楼|4室1卫|朝南,1716,https://public.danke.com.cn/public-20180724-lniKMbYBgLf2y0HZn3O5wcQUXesJ?imageView2/1/w/380/h/285,2019-09-02 22:14:10,
20190902,hz,滨江区,西兴,https://www.danke.com/room/267351409.html,西兴  湘云雅苑 4室1厅,建筑面积约14O|29楼|4室1卫|朝南,1796,https://public.danke.com.cn/public-20181113-FnUG40hvRGbtiD8dBYLa8VGKdcZz?imageView2/1/w/380/h/285,2019-09-02 22:14:11,
20190902,hz,滨江区,西兴,https://www.danke.com/room/1351970517.html,西兴  春波东苑 4室1厅,建筑面积约18O|2楼|4室1卫|朝南,1966,https://public.danke.com.cn/public-20180709-llnAQEiE0fNDHa8KqxYV-kDbEh8Q?imageView2/1/w/380/h/285,2019-09-02 22:14:13,
20190902,hz,滨江区,西兴,https://www.danke.com/room/665342514.html,西兴  湘云雅苑 4室1厅,建筑面积约13O|2楼|4室1卫|朝南,1833,https://public.danke.com.cn/public-20190123-isz_FuBxJKzosca7CdTwpPWRcmWgb6K7?imageView2/1/w/380/h/285,2019-09-02 22:14:15,
20190902,hz,滨江区,西兴,https://www.danke.com/room/237343524.html,西兴  湘云雅苑 4室1厅,建筑面积约14O|10楼|4室1卫|朝北,1633,https://public.danke.com.cn/public-20190124-isz_Ftx-zF8OtzGYmLl2AxKkF0RgswwL?imageView2/1/w/380/h/285,2019-09-02 22:14:16,
20190902,hz,滨江区,西兴,https://www.danke.com/room/1225083447.html,西兴  湘云雅苑 5室1厅,建筑面积约14O|28楼|5室1卫|朝东,1783,https://public.danke.com.cn/public-20190505-lqvNoU184gS3c6wwt5JBv9CTQBzo?imageView2/1/w/380/h/285,2019-09-02 22:14:17,
20190902,hz,滨江区,西兴,https://www.danke.com/room/1540870544.html,西兴  滨安小区 3室1厅,建筑面积约19O|3楼|3室1卫|朝北,1841,https://public.danke.com.cn/public-20190518-Fg8qiEU1CDbO1_7o1AH6OQ2sLa51?imageView2/1/w/380/h/285,2019-09-02 22:14:17,
20190902,hz,滨江区,西兴,https://www.danke.com/room/905786500.html,西兴  湘云雅苑 4室1厅,建筑面积约11O|15楼|4室1卫|朝南,1677,https://public.danke.com.cn/public-20181109-FpfK_8-kIhQXRmxsOi-tizHnZjwD?imageView2/1/w/380/h/285,2019-09-02 22:14:18,
20190902,hz,滨江区,西兴,https://www.danke.com/room/234503160.html,西兴  湘云雅苑 4室1厅,建筑面积约9O|11楼|4室1卫|朝南,1549,https://public.danke.com.cn/public-20190806-FoGU_rkbCVXYDyMGB7TnHUqtPJ3_?imageView2/1/w/380/h/285,2019-09-02 22:14:20,
20190902,hz,滨江区,西兴,https://www.danke.com/room/2130046378.html,西兴  湘云雅苑 4室1厅,建筑面积约19O|26楼|4室1卫|朝东北,1900,https://public.danke.com.cn/public-20180713-lmflGo921awNnG8RT6eKj32hrOAt?imageView2/1/w/380/h/285,2019-09-02 22:14:21,
20190902,hz,滨江区,西兴,https://www.danke.com/room/65399248.html,西兴  湘云雅苑 4室1厅,建筑面积约8O|7楼|4室1卫|朝北,1540,https://public.danke.com.cn/public-20180908-lpiMcjCSfo_f0Mf44ry56pQ3CrQm?imageView2/1/w/380/h/285,2019-09-02 22:14:22,
20190902,hz,滨江区,西兴,https://www.danke.com/room/1522710913.html,西兴  湘云雅苑 5室1厅,建筑面积约14O|6楼|5室1卫|朝东,1787,https://public.danke.com.cn/public-20181016-lpjnhlpTjiU8O4FtxU4mPsi6Bikw?imageView2/1/w/380/h/285,2019-09-02 22:14:23,
20190902,hz,滨江区,西兴,https://www.danke.com/room/104311167.html,西兴  湘云雅苑 4室1厅,建筑面积约14O|11楼|4室1卫|朝南,1815,https://public.danke.com.cn/public-20181110-FtYSeyGev3y4PWT6AlQ_NS7v1G2l?imageView2/1/w/380/h/285,2019-09-02 22:14:24,
20190902,hz,滨江区,西兴,https://www.danke.com/room/843726391.html,西兴  湘云雅苑 4室1厅,建筑面积约10O|22楼|4室1卫|朝北,1604,https://public.danke.com.cn/public-20181106-Fl0HVQXMR_sgLTuHNBTHN5wxshpk?imageView2/1/w/380/h/285,2019-09-02 22:14:26,
20190902,hz,滨江区,西兴,https://www.danke.com/room/103304812.html,西兴  湘云雅苑 4室1厅,建筑面积约22O|28楼|4室1卫|朝南,2035,https://public.danke.com.cn/public-20181109-FnDmIcEIlwZD2KTMnEqCSblQiqb4?imageView2/1/w/380/h/285,2019-09-02 22:14:27,
20190902,hz,滨江区,西兴,https://www.danke.com/room/870104009.html,西兴  温兴风情苑 5室2厅,建筑面积约14O|4楼|5室1卫|朝北,1825,https://public.danke.com.cn/public-20190124-isz_FtPNbNBKMYGZyF4hAd0w2GFsjc8Q?imageView2/1/w/380/h/285,2019-09-02 22:14:28,
20190902,hz,滨江区,西兴,https://www.danke.com/room/1855377910.html,西兴  湘云雅苑 4室1厅,建筑面积约12O|4楼|4室1卫|朝西南,1708,https://public.danke.com.cn/public-20190124-isz_FpDMQ3LQ56BC4JunhYH68jNDqMTO?imageView2/1/w/380/h/285,2019-09-02 22:14:28,
20190902,hz,滨江区,西兴,https://www.danke.com/room/1720095670.html,西兴  湘云雅苑 3室1厅,建筑面积约17O|27楼|3室1卫|朝西南,1958,https://public.danke.com.cn/public-20190124-isz_ln-rYQb11QwDchUTnCro1VQCrV1E?imageView2/1/w/380/h/285,2019-09-02 22:14:29,
20190902,hz,滨江区,西兴,https://www.danke.com/room/1068212716.html,西兴  湘云雅苑 3室1厅,建筑面积约10O|27楼|3室1卫|朝西,1650,https://public.danke.com.cn/public-20190124-isz_llWxwUzVJHf_9-0pWsQzW2HK-jE9?imageView2/1/w/380/h/285,2019-09-02 22:14:30,
20190902,hz,滨江区,西兴,https://www.danke.com/room/1423262699.html,西兴  湘云雅苑 4室1厅,建筑面积约8O|10楼|4室1卫|朝北,1540,https://public.danke.com.cn/public-20181110-FuWDbusnVs8z7LjaXgztqCSdqwcz?imageView2/1/w/380/h/285,2019-09-02 22:14:31,
20190902,hz,滨江区,西兴,https://www.danke.com/room/2095615536.html,西兴  湘云雅苑 4室1厅,建筑面积约19O|15楼|4室1卫|朝南,2007,https://public.danke.com.cn/public-20180710-lnIm_RkO6-D-5qSHI81vn2bScwLp?imageView2/1/w/380/h/285,2019-09-02 22:14:31,
20190902,hz,滨江区,西兴,https://www.danke.com/room/390991534.html,西兴  湘云雅苑 4室1厅,建筑面积约8O|28楼|4室1卫|朝北,1549,https://public.danke.com.cn/public-20181109-FiqT3NpA5fCkMjr3r62qDfGWddsH?imageView2/1/w/380/h/285,2019-09-02 22:14:32,
20190902,hz,滨江区,西兴,https://www.danke.com/room/831050699.html,西兴  春波南苑 5室1厅,建筑面积约11O|9楼|5室1卫|朝北,1815,https://public.danke.com.cn/public-20190213-FrAziBSZzErvtiXNQajHNDk6YdZ-?imageView2/1/w/380/h/285,2019-09-02 22:14:35,
20190902,hz,滨江区,西兴,https://www.danke.com/room/1678404796.html,西兴  滨康二苑 3室1厅,建筑面积约13O|3楼|3室1卫|朝南,2007,https://public.danke.com.cn/public-20180517-lmsEq0rd5rzThSRZX9DGrLEZFKYd?imageView2/1/w/380/h/285,2019-09-02 22:14:36,
20190902,hz,滨江区,西兴,https://www.danke.com/room/613560918.html,西兴  湘云雅苑 5室1厅,建筑面积约16O|26楼|5室1卫|朝南,1879,https://public.danke.com.cn/public-20181124-ljyAkbBRXjzBtrSS2gUwb0XwDxEK?imageView2/1/w/380/h/285,2019-09-02 22:14:37,
20190902,hz,滨江区,西兴,https://www.danke.com/room/1734717335.html,西兴  湘云雅苑 4室1厅,建筑面积约10O|15楼|4室1卫|朝南,1631,https://public.danke.com.cn/public-20180710-Fku5e6EMqAV6QDf0r1Jsv-D2V-0P?imageView2/1/w/380/h/285,2019-09-02 22:14:38,
20190902,hz,滨江区,西兴,https://www.danke.com/room/1295766833.html,西兴  湘云雅苑 5室1厅,建筑面积约8O|26楼|5室1卫|朝北,1540,https://public.danke.com.cn/public-20181124-lu7htaNceim9uqma9UOGvQbxoSM6?imageView2/1/w/380/h/285,2019-09-02 22:14:39,
20190902,hz,滨江区,西兴,https://www.danke.com/room/1485195279.html,西兴  春波南苑 2室1厅,建筑面积约7O|3楼|2室1卫|朝西,1851,https://public.danke.com.cn/public-20190211-Folf1Ww_7cRYHVqK8XB18cJLnc69?imageView2/1/w/380/h/285,2019-09-02 22:14:40,
20190902,hz,滨江区,西兴,https://www.danke.com/room/1932354219.html,西兴  湘云雅苑 2室1厅,建筑面积约12O|21楼|2室1卫|朝南,1925,https://public.danke.com.cn/public-20180823-ls95EHs8jMRAdkb6fGUZQGs41C69?imageView2/1/w/380/h/285,2019-09-02 22:14:41,
20190902,hz,滨江区,西兴,https://www.danke.com/room/667568096.html,西兴  湘云雅苑 4室0厅,建筑面积约15O|5楼|4室1卫|朝南,1633,https://public.danke.com.cn/public-20190124-isz_Fth7DScEhLMUdEDc9EBkJ0MLi6nZ?imageView2/1/w/380/h/285,2019-09-02 22:14:41,
20190902,hz,滨江区,西兴,https://www.danke.com/room/261810290.html,西兴  湘云雅苑 5室1厅,建筑面积约14O|11楼|5室1卫|朝东,1633,https://public.danke.com.cn/public-20190806-FiMrLWgdFtOImMPu8utle4OeyoYm?imageView2/1/w/380/h/285,2019-09-02 22:14:43,
20190902,hz,滨江区,西兴,https://www.danke.com/room/1133506813.html,西兴  滨安小区 3室1厅,建筑面积约15O|5楼|3室1卫|朝南,2060,https://public.danke.com.cn/public-20180528-Fg9nkZ6QyJmqc7Byv8IjqCDfTu1y?imageView2/1/w/380/h/285,2019-09-02 22:14:44,
20190902,hz,滨江区,西兴,https://www.danke.com/room/1151412547.html,西兴  湘云雅苑 4室1厅,建筑面积约16O|10楼|4室1卫|朝南,1960,https://public.danke.com.cn/public-20180911-lnVV0g2tsKfrOmlPOsHjhS_agK55?imageView2/1/w/380/h/285,2019-09-02 22:14:44,
20190902,hz,滨江区,西兴,https://www.danke.com/room/894204289.html,西兴  兴盛花园 4室1厅,建筑面积约13O|3楼|4室1卫|朝北,1780,https://public.danke.com.cn/public-20190213-FjKK_OIiUEWeaih-h_oidzp5GIsi?imageView2/1/w/380/h/285,2019-09-02 22:14:45,
20190902,hz,滨江区,西兴,https://www.danke.com/room/1442779044.html,西兴  湘云雅苑 3室1厅,建筑面积约15O|23楼|3室1卫|朝西,2090,https://public.danke.com.cn/public-20190124-isz_Fl0EqNOnDBJkxgUvhpd3FTgsv5sf?imageView2/1/w/380/h/285,2019-09-02 22:14:46,
20190902,hz,滨江区,西兴,https://www.danke.com/room/1883966710.html,西兴  铁岭花园 5室1厅,建筑面积约17O|1楼|5室1卫|朝东,1950,https://public.danke.com.cn/public-20190814-FhlHc0CHdP9Agw0XH_BT_Oi6lsh3?imageView2/1/w/380/h/285,2019-09-02 22:14:47,
20190902,hz,滨江区,西兴,https://www.danke.com/room/119198726.html,西兴  春波西苑 2室1厅,建筑面积约11O|25楼|2室1卫|朝南,2390,https://public.danke.com.cn/public-20181017-linaC9RhriSpzZNXpTx00an0NMpU?imageView2/1/w/380/h/285,2019-09-02 22:14:48,
20190902,hz,滨江区,西兴,https://www.danke.com/room/173148471.html,西兴  湘云雅苑 4室1厅,建筑面积约16O|7楼|4室1卫|朝南,1990,https://public.danke.com.cn/public-20180908-lsTL1ucX_MExhNUTxSVVpPXYrc6O?imageView2/1/w/380/h/285,2019-09-02 22:14:49,
20190902,hz,滨江区,西兴,https://www.danke.com/room/197986237.html,西兴  湘云雅苑 4室1厅,建筑面积约10O|8楼|4室1卫|朝北,1720,https://public.danke.com.cn/public-20180911-lhxBe4tUGF7tD79JiYgi0AuHy4XI?imageView2/1/w/380/h/285,2019-09-02 22:14:50,
20190902,hz,滨江区,西兴,https://www.danke.com/room/1281274447.html,西兴  湘云雅苑 4室1厅,建筑面积约10O|15楼|4室1卫|朝北,1780,https://public.danke.com.cn/public-20181205-Fm-Dgk5PD9qJUcM_oAxuJpVBcsHS?imageView2/1/w/380/h/285,2019-09-02 22:14:50,
20190902,hz,滨江区,西兴,https://www.danke.com/room/637090736.html,西兴  湘云雅苑 3室1厅,建筑面积约13O|3楼|3室1卫|朝南,2290,https://public.danke.com.cn/public-20190527-FjbjQU_0lASCAoe9Ubx3eLKZTVDJ?imageView2/1/w/380/h/285,2019-09-02 22:14:51,
20190902,hz,滨江区,西兴,https://www.danke.com/room/1883961291.html,西兴  湘云雅苑 3室1厅,建筑面积约11O|4楼|3室1卫|朝北,1850,https://public.danke.com.cn/public-20181128-Ftr-lwT1_Tk7ot6A0J0kxqtBUaDZ?imageView2/1/w/380/h/285,2019-09-02 22:14:52,
20190902,hz,滨江区,西兴,https://www.danke.com/room/369782456.html,西兴  湘云雅苑 4室1厅,建筑面积约11O|16楼|4室1卫|朝南,1780,https://public.danke.com.cn/public-20181208-FpPNtyWy2faJeV7-O-qcbkqSWXoR?imageView2/1/w/380/h/285,2019-09-02 22:14:55,
20190902,hz,滨江区,西兴,https://www.danke.com/room/1472359573.html,西兴  滨安小区 3室1厅,建筑面积约12O|2楼|3室1卫|朝南,1990,https://public.danke.com.cn/public-20190415-FuGOoSKHb5X8dGjaICbRTqO5PIrr?imageView2/1/w/380/h/285,2019-09-02 22:14:55,
20190902,hz,滨江区,西兴,https://www.danke.com/room/744503192.html,西兴  春波南苑 4室1厅,建筑面积约19O|5楼|4室1卫|朝南,2290,https://public.danke.com.cn/public-20190505-Fq4HEJ9NCokZAvMS_G0gvKeJfDol?imageView2/1/w/380/h/285,2019-09-02 22:14:56,
20190902,hz,滨江区,西兴,https://www.danke.com/room/353890960.html,西兴  滨安小区 3室1厅,建筑面积约15O|5楼|3室1卫|朝南,2050,https://public.danke.com.cn/public-20180524-luzbqPzDI-3hIcgpN7nZb73_Kydg?imageView2/1/w/380/h/285,2019-09-02 22:14:57,
20190902,hz,滨江区,西兴,https://www.danke.com/room/1283836462.html,西兴  湘云雅苑 4室1厅,建筑面积约10O|5楼|4室1卫|朝北,1780,https://public.danke.com.cn/public-20180908-lr0w3THXuNwIkbIqcGYcalL4l1ce?imageView2/1/w/380/h/285,2019-09-02 22:14:57,
20190902,hz,滨江区,西兴,https://www.danke.com/room/487538219.html,西兴  春波西苑 4室1厅,建筑面积约10O|7楼|4室1卫|朝北,1990,https://public.danke.com.cn/public-20181010-llgAw0e904nEgxXda7Suhi8jfV3-?imageView2/1/w/380/h/285,2019-09-02 22:14:58,
20190902,hz,滨江区,西兴,https://www.danke.com/room/429263532.html,西兴  湘云雅苑 4室1厅,建筑面积约13O|5楼|4室1卫|朝北,1990,https://public.danke.com.cn/public-20190123-isz_Frwst-h6dMvSfDkCo-M5Fd97XMYD?imageView2/1/w/380/h/285,2019-09-02 22:14:59,
20190902,hz,滨江区,西兴,https://www.danke.com/room/766923497.html,西兴  滨安小区 4室1厅,建筑面积约11O|9楼|4室1卫|朝北,1790,https://public.danke.com.cn/public-20180615-FlFrppR8dKTmt7HZIZz_zBcvv4IK?imageView2/1/w/380/h/285,2019-09-02 22:14:59,
20190902,hz,滨江区,西兴,https://www.danke.com/room/1054078901.html,西兴  春波西苑 3室1厅,建筑面积约12O|5楼|3室1卫|朝南,1980,https://public.danke.com.cn/public-20190124-isz_FjpyVNgnWRQbNfEnNGL2ZOvVHW_6?imageView2/1/w/380/h/285,2019-09-02 22:15:00,
20190902,hz,滨江区,西兴,https://www.danke.com/room/823204983.html,西兴  河畔花园 5室1厅,建筑面积约13O|5楼|5室1卫|朝南,1820,https://public.danke.com.cn/public-20190814-FtihYbWYpDkiC2MNNr_527OaGJDH?imageView2/1/w/380/h/285,2019-09-02 22:15:01,
20190902,hz,滨江区,西兴,https://www.danke.com/room/1992472541.html,西兴  湘云雅苑 5室1厅,建筑面积约16O|30楼|5室1卫|朝南,2150,https://public.danke.com.cn/public-20180822-loavDuz_ubYBH2jUkFVpS_A0tay0?imageView2/1/w/380/h/285,2019-09-02 22:15:02,
20190902,hz,滨江区,西兴,https://www.danke.com/room/1669467865.html,西兴  湘云雅苑 2室1厅,建筑面积约19O|10楼|2室1卫|朝南,2420,https://public.danke.com.cn/public-20180822-FjuUc5PWzBUew76hmHE1Qg2faBRX?imageView2/1/w/380/h/285,2019-09-02 22:15:02,
20190902,hz,滨江区,西兴,https://www.danke.com/room/1341364132.html,西兴  湘云雅苑 4室1厅,建筑面积约13O|7楼|4室1卫|朝南,1920,https://public.danke.com.cn/public-20181020-lmOSjWpS0rxApPD1ev9ng8cIL6R3?imageView2/1/w/380/h/285,2019-09-02 22:15:07,
20190902,hz,滨江区,西兴,https://www.danke.com/room/695848077.html,西兴  湘云雅苑 5室1厅,建筑面积约14O|25楼|5室1卫|朝东,1950,https://public.danke.com.cn/public-20181010-Fi6epuAJPG6CW7YAK-5rHgzeZYf8?imageView2/1/w/380/h/285,2019-09-02 22:15:09,
20190902,hz,滨江区,西兴,https://www.danke.com/room/437162149.html,西兴  春波西苑 2室1厅,建筑面积约15O|8楼|2室1卫|朝南,2580,https://public.danke.com.cn/public-20180620-linaw-QrcBrZVYC8eynYDQqYlZw3?imageView2/1/w/380/h/285,2019-09-02 22:15:10,
20190902,hz,滨江区,西兴,https://www.danke.com/room/1229132700.html,西兴  湘云雅苑 5室1厅,建筑面积约16O|28楼|5室1卫|朝南,2090,https://public.danke.com.cn/public-20180823-FproMzYPC5DRsec-xd86J38da36y?imageView2/1/w/380/h/285,2019-09-02 22:15:10,
20190902,hz,滨江区,西兴,https://www.danke.com/room/145875216.html,西兴  湘云雅苑 5室1厅,建筑面积约14O|25楼|5室1卫|朝西,1980,https://public.danke.com.cn/public-20181204-lvVZh5kCYxwKHawaStGOEE40NmRL?imageView2/1/w/380/h/285,2019-09-02 22:15:11,
20190902,hz,滨江区,西兴,https://www.danke.com/room/993433817.html,西兴  湘云雅苑 4室1厅,建筑面积约16O|5楼|4室1卫|朝南,2050,https://public.danke.com.cn/public-20180913-lhyuE1AFP-ff_5Y1K3cE1rk8otwz?imageView2/1/w/380/h/285,2019-09-02 22:15:12,
20190902,hz,滨江区,西兴,https://www.danke.com/room/694437213.html,西兴  湘云雅苑 5室1厅,建筑面积约14O|22楼|5室1卫|朝东,1980,https://public.danke.com.cn/public-20181017-FhRpkDUyD1SHDMucMlATgYe6P0Vj?imageView2/1/w/380/h/285,2019-09-02 22:15:13,
20190902,hz,滨江区,西兴,https://www.danke.com/room/1080181967.html,西兴  春波西苑 2室1厅,建筑面积约11O|24楼|2室1卫|朝南,2390,https://public.danke.com.cn/public-20190215-FloptEZZEf780GURb4HAdYzxcPUF?imageView2/1/w/380/h/285,2019-09-02 22:15:13,
20190902,hz,滨江区,西兴,https://www.danke.com/room/1754464125.html,西兴  湘云雅苑 4室1厅,建筑面积约12O|17楼|4室1卫|朝西,1880,https://public.danke.com.cn/public-20180416-ltTU4UxV-eVSzpyfypRAYNfmuiuo?imageView2/1/w/380/h/285,2019-09-02 22:15:18,
20190902,hz,滨江区,西兴,https://www.danke.com/room/1425404888.html,西兴  湘云雅苑 2室1厅,建筑面积约19O|22楼|2室1卫|朝南,2590,https://public.danke.com.cn/public-20180818-ltybm6S28xLbiLnoub9ImdVYtqh-?imageView2/1/w/380/h/285,2019-09-02 22:15:19,
20190902,hz,滨江区,西兴,https://www.danke.com/room/958832741.html,西兴  湘云雅苑 4室1厅,建筑面积约13O|24楼|4室1卫|朝东,1800,https://public.danke.com.cn/public-20180904-llwwLXTk9ACdzRwT-k-M0UDeUH3V?imageView2/1/w/380/h/285,2019-09-02 22:15:20,
20190902,hz,滨江区,西兴,https://www.danke.com/room/1097384947.html,西兴  湘云雅苑 4室1厅,建筑面积约13O|13楼|4室1卫|朝南,1890,https://public.danke.com.cn/public-20190124-isz_FvpNmMSbgiesMgoXWRcKn5M4jAgZ?imageView2/1/w/380/h/285,2019-09-02 22:15:21,
20190902,hz,滨江区,西兴,https://www.danke.com/room/2134883217.html,西兴  温兴风情苑 5室1厅,建筑面积约13O|3楼|5室1卫|朝东北,1930,https://public.danke.com.cn/public-20190124-isz_Fso3uzDBUZSkePoIo-ZiS4CCsVti?imageView2/1/w/380/h/285,2019-09-02 22:15:22,
20190902,hz,滨江区,西兴,https://www.danke.com/room/1746005781.html,西兴  湘云雅苑 4室1厅,建筑面积约10O|31楼|4室1卫|朝北,1760,https://public.danke.com.cn/public-20181109-Flvdse4aEc3drRIGZm2Gq-lD6AT4?imageView2/1/w/380/h/285,2019-09-02 22:15:23,
20190902,hz,滨江区,西兴,https://www.danke.com/room/748865190.html,西兴  兴盛花园 4室1厅,建筑面积约11O|3楼|4室1卫|朝南,1790,https://public.danke.com.cn/public-20190213-Fjc6Q1Tj0QlleCJOgLQHKkBxBHM8?imageView2/1/w/380/h/285,2019-09-02 22:15:24,
20190902,hz,滨江区,西兴,https://www.danke.com/room/1600262975.html,西兴  湘云雅苑 2室1厅,建筑面积约11O|22楼|2室1卫|朝南,2230,https://public.danke.com.cn/public-20180818-li3cX4oV26tSmpgFTGs6dazGHZ8G?imageView2/1/w/380/h/285,2019-09-02 22:15:24,
20190902,hz,滨江区,西兴,https://www.danke.com/room/1696696876.html,西兴  湘云雅苑 5室1厅,建筑面积约16O|15楼|5室1卫|朝南,2130,https://public.danke.com.cn/public-20180822-lvdxNkik9eKnZ0EqtlCtPuoZv35S?imageView2/1/w/380/h/285,2019-09-02 22:15:27,
20190902,hz,滨江区,西兴,https://www.danke.com/room/459851889.html,西兴  湘云雅苑 4室1厅,建筑面积约10O|7楼|4室1卫|朝北,1790,https://public.danke.com.cn/public-20180908-lj76lqjvKi_8tYmyKGsZVL841QVL?imageView2/1/w/380/h/285,2019-09-02 22:15:28,
20190902,hz,滨江区,西兴,https://www.danke.com/room/479031229.html,西兴  春波小区 4室1厅,建筑面积约17O|2楼|4室1卫|朝南,2190,https://public.danke.com.cn/public-20181130-Fj_pe0H_TuVutzDpLXGjvkO-dtbA?imageView2/1/w/380/h/285,2019-09-02 22:15:28,
20190902,hz,滨江区,西兴,https://www.danke.com/room/568181453.html,西兴  春波东苑 4室1厅,建筑面积约8O|2楼|4室1卫|朝北,1830,https://public.danke.com.cn/public-20180709-lj9WUpi_jkF0Q3GyZunFmcxsXk7F?imageView2/1/w/380/h/285,2019-09-02 22:15:29,
20190902,hz,滨江区,西兴,https://www.danke.com/room/1501977252.html,西兴  温兴风情苑 5室2厅,建筑面积约20O|4楼|5室1卫|朝南,2650,https://public.danke.com.cn/public-20190124-isz_Fg_k-5YVQKuI-U9e8Sdm0CToTR4V?imageView2/1/w/380/h/285,2019-09-02 22:15:30,
20190902,hz,滨江区,西兴,https://www.danke.com/room/942494562.html,西兴  湘云雅苑 5室1厅,建筑面积约14O|28楼|5室1卫|朝西,1960,https://public.danke.com.cn/public-20180823-lsusc3izl_gJ1ooyxWXxOFCPm93T?imageView2/1/w/380/h/285,2019-09-02 22:15:30,
20190902,hz,滨江区,西兴,https://www.danke.com/room/384310225.html,西兴  湘云雅苑 5室1厅,建筑面积约9O|20楼|5室1卫|朝西,1830,https://public.danke.com.cn/public-20180822-FrNS139xsdq5q3REtOYyMXd_Keyo?imageView2/1/w/380/h/285,2019-09-02 22:15:31,
20190902,hz,滨江区,西兴,https://www.danke.com/room/164780183.html,西兴  湘云雅苑 5室1厅,建筑面积约8O|20楼|5室1卫|朝北,1730,https://public.danke.com.cn/public-20180822-lguX3UlFId1ZkCeuVMitdt9KQJ41?imageView2/1/w/380/h/285,2019-09-02 22:15:31,
20190902,hz,滨江区,西兴,https://www.danke.com/room/1916292462.html,西兴  湘云雅苑 5室1厅,建筑面积约14O|15楼|5室1卫|朝东,1990,https://public.danke.com.cn/public-20180822-Fl3G8X8_gDPJB_EALYtyx3fKFq7a?imageView2/1/w/380/h/285,2019-09-02 22:15:33,
20190902,hz,滨江区,西兴,https://www.danke.com/room/1558038202.html,西兴  湘云雅苑 5室1厅,建筑面积约9O|16楼|5室1卫|朝东,1790,https://public.danke.com.cn/public-20180824-FjbOS0S63wxkBtDHTVgdH6dRp4WF?imageView2/1/w/380/h/285,2019-09-02 22:15:33,
20190902,hz,滨江区,西兴,https://www.danke.com/room/2144517295.html,西兴  春波西苑 4室1厅,建筑面积约10O|18楼|4室1卫|朝北,1990,https://public.danke.com.cn/public-20181010-lm-KAmWfHx_mVGdvI-MHZJAeJ3eg?imageView2/1/w/380/h/285,2019-09-02 22:15:34,
20190902,hz,滨江区,西兴,https://www.danke.com/room/499167689.html,西兴  湘云雅苑 5室1厅,建筑面积约14O|29楼|5室1卫|朝南,2030,https://public.danke.com.cn/public-20181019-Fo0zIjCVaPcNbVi9cqa1xXqtGT3x?imageView2/1/w/380/h/285,2019-09-02 22:15:34,
20190902,hz,滨江区,西兴,https://www.danke.com/room/1831114105.html,西兴  云厦连园 4室1厅,建筑面积约13O|5楼|4室1卫|朝南,2030,https://public.danke.com.cn/public-20181115-FjlgV9f-Y0kL59Br7xWAUHT5Nmv8?imageView2/1/w/380/h/285,2019-09-02 22:15:37,
20190902,hz,滨江区,西兴,https://www.danke.com/room/353788402.html,西兴  湘云雅苑 4室1厅,建筑面积约13O|7楼|4室1卫|朝南,1890,https://public.danke.com.cn/public-20181110-Fk8amHL2zoswl9pJgMyA5PagvMF2?imageView2/1/w/380/h/285,2019-09-02 22:15:38,
20190902,hz,滨江区,西兴,https://www.danke.com/room/1030280674.html,西兴  湘云雅苑 4室1厅,建筑面积约14O|5楼|4室1卫|朝南,2090,https://public.danke.com.cn/public-20190124-isz_Fqk5E1gSgiTMtOQy0jdV56anTHSf?imageView2/1/w/380/h/285,2019-09-02 22:15:38,
20190902,hz,滨江区,西兴,https://www.danke.com/room/1628426474.html,西兴  湘云雅苑 4室1厅,建筑面积约7O|10楼|4室1卫|朝南,1490,https://public.danke.com.cn/public-20190124-isz_FrOCKOPvGlj28eEWAMnb-xZk5ntH?imageView2/1/w/380/h/285,2019-09-02 22:15:39,
20190902,hz,滨江区,西兴,https://www.danke.com/room/571283249.html,西兴  湘云雅苑 3室1厅,建筑面积约12O|2楼|3室1卫|朝南,1930,https://public.danke.com.cn/public-20190124-isz_FgKOFG-0i-lThe8-jbZhMNU3sxtf?imageView2/1/w/380/h/285,2019-09-02 22:15:40,
20190902,hz,滨江区,西兴,https://www.danke.com/room/1775610260.html,西兴  云厦连园 4室1厅,建筑面积约12O|12楼|4室1卫|朝南,2030,https://public.danke.com.cn/public-20180308-Fg8Ie49ADLWgcoSed1jOrC5aXle1?imageView2/1/w/380/h/285,2019-09-02 22:15:41,
20190902,hz,滨江区,西兴,https://www.danke.com/room/182006928.html,西兴  铁岭花园 4室1厅,建筑面积约12O|3楼|4室1卫|朝南,1830,https://public.danke.com.cn/public-20190305-FifnQy2FzTdTr8JiqzUFNquB3Vh5?imageView2/1/w/380/h/285,2019-09-02 22:15:42,
20190902,hz,滨江区,西兴,https://www.danke.com/duanzu/2086739823.html,西兴  春波南苑 3室2厅,建筑面积约11O|8楼|3室1卫|朝南,2330,https://public.danke.com.cn/public-20190626-FkGWunBzBOwlZRhR3HKV1R98AuNQ?imageView2/1/w/380/h/285,2019-09-02 22:15:43,
20190902,hz,滨江区,西兴,https://www.danke.com/room/129662236.html,西兴  湘云雅苑 4室1厅,建筑面积约15O|5楼|4室1卫|朝南,2090,https://public.danke.com.cn/public-20190124-isz_FqELhNQ7UWmsmD3mIJSPs41QDT5m?imageView2/1/w/380/h/285,2019-09-02 22:15:44,
20190902,hz,滨江区,西兴,https://www.danke.com/room/1820587937.html,西兴  春波东苑 3室1厅,建筑面积约14O|3楼|3室1卫|朝南,2090,https://public.danke.com.cn/public-20180310-lhhm2oZ4Rku7JJv_7c1f4cg_VVNC?imageView2/1/w/380/h/285,2019-09-02 22:15:44,
20190902,hz,滨江区,西兴,https://www.danke.com/room/1866616835.html,西兴  湘云雅苑 4室1厅,建筑面积约16O|17楼|4室1卫|朝南,1990,https://public.danke.com.cn/public-20190214-FjDAbCNdU_T6njW8erzrFv0DTPPC?imageView2/1/w/380/h/285,2019-09-02 22:15:45,
20190902,hz,滨江区,西兴,https://www.danke.com/room/555500335.html,西兴  春波小区 4室1厅,建筑面积约8O|6楼|4室1卫|朝北,1730,https://public.danke.com.cn/public-20180704-luSSUzZiq3ZiYuXO0F44skiqrhLu?imageView2/1/w/380/h/285,2019-09-02 22:15:46,
20190902,hz,滨江区,西兴,https://www.danke.com/room/912307979.html,西兴  湘云雅苑 4室1厅,建筑面积约15O|7楼|4室1卫|朝南,2430,https://public.danke.com.cn/public-20181020-lsZcArhjiisCsmlqf0XF67IkJ4VI?imageView2/1/w/380/h/285,2019-09-02 22:15:46,
20190902,hz,滨江区,西兴,https://www.danke.com/room/1078248516.html,西兴  湘云雅苑 4室1厅,建筑面积约13O|20楼|4室1卫|朝南,1930,https://public.danke.com.cn/public-20181122-Fqua7R3P6JiuWYR_SBzP5rGazqea?imageView2/1/w/380/h/285,2019-09-02 22:15:47,
20190902,hz,滨江区,西兴,https://www.danke.com/room/165445972.html,西兴  春波西苑 2室1厅,建筑面积约11O|27楼|2室1卫|朝南,2260,https://public.danke.com.cn/public-20180615-FiPVDzPtReXGA3FDsnZ3ocHCorQE?imageView2/1/w/380/h/285,2019-09-02 22:15:48,
20190902,hz,滨江区,西兴,https://www.danke.com/room/1722597761.html,西兴  滨康小区 3室1厅,建筑面积约19O|4楼|3室1卫|朝南,2230,https://public.danke.com.cn/public-20190518-FupQqNfNJ8y0G7tBQxVli_MT2Ju0?imageView2/1/w/380/h/285,2019-09-02 22:15:48,
20190902,hz,滨江区,西兴,https://www.danke.com/room/433561682.html,西兴  湘云雅苑 5室1厅,建筑面积约16O|25楼|5室1卫|朝南,2090,https://public.danke.com.cn/public-20181204-lpyuhjtAoqfTYXUiQ6pBCw3jh_fu?imageView2/1/w/380/h/285,2019-09-02 22:15:49,
20190902,hz,滨江区,西兴,https://www.danke.com/room/2070620869.html,西兴  春波小区 3室1厅,建筑面积约13O|6楼|3室1卫|朝南,2160,https://public.danke.com.cn/public-20180831-lk9xoob1CGfYh2j2iRrPZVuTDUeO?imageView2/1/w/380/h/285,2019-09-02 22:15:49,
20190902,hz,滨江区,西兴,https://www.danke.com/room/10702748.html,西兴  春波西苑 4室1厅,建筑面积约13O|8楼|4室1卫|朝南,2230,https://public.danke.com.cn/public-20181016-Fqk3tIV0t1J-XCAKazDCaD6ak7gt?imageView2/1/w/380/h/285,2019-09-02 22:15:50,
20190902,hz,滨江区,西兴,https://www.danke.com/room/662377772.html,西兴  湘云雅苑 3室1厅,建筑面积约15O|15楼|3室1卫|朝东南,2030,https://public.danke.com.cn/public-20180104-FgOkZDrtkH-Abk31NrX9jwOFrRiY?imageView2/1/w/380/h/285,2019-09-02 22:15:51,
20190902,hz,滨江区,西兴,https://www.danke.com/room/1839115155.html,西兴  湘云雅苑 5室1厅,建筑面积约27O|15楼|5室1卫|朝南,2630,https://public.danke.com.cn/public-20180822-Fu4rXrZPMs5xSXOP-GkK7N8UU0Mi?imageView2/1/w/380/h/285,2019-09-02 22:15:56,
20190902,hz,滨江区,西兴,https://www.danke.com/room/1972998519.html,西兴  滨康二苑 3室1厅,建筑面积约16O|4楼|3室1卫|朝南,2210,https://public.danke.com.cn/public-20190214-Fjgv6Oe1gsjVG7PdPq9tGytWxTeO?imageView2/1/w/380/h/285,2019-09-02 22:15:57,
20190902,hz,滨江区,西兴,https://www.danke.com/room/70027244.html,西兴  湘云雅苑 4室1厅,建筑面积约14O|2楼|4室1卫|朝东南,1790,https://public.danke.com.cn/public-20190123-isz_Fl0G_kztfqEum3ug8kf3biHxkUwP?imageView2/1/w/380/h/285,2019-09-02 22:15:58,
20190902,hz,滨江区,西兴,https://www.danke.com/room/1053133746.html,西兴  滨康二苑 3室1厅,建筑面积约10O|1楼|3室1卫|朝北,1830,https://public.danke.com.cn/public-20190215-FgU_afbyqxif34tFcAZuJRF-8QZg?imageView2/1/w/380/h/285,2019-09-02 22:15:59,
20190902,hz,滨江区,西兴,https://www.danke.com/room/279192108.html,西兴  春波西苑 2室1厅,建筑面积约13O|11楼|2室1卫|朝南,2430,https://public.danke.com.cn/public-20190215-FiMLq33L46_YJVMDYKOQrRyD8kg3?imageView2/1/w/380/h/285,2019-09-02 22:16:00,
20190902,hz,滨江区,西兴,https://www.danke.com/room/1102481091.html,西兴  铁岭花园 5室1厅,建筑面积约27O|4楼|5室1卫|朝南,2510,https://public.danke.com.cn/public-20190213-Fift0v3Gd4rzP_8zBD1QtaSI1BVf?imageView2/1/w/380/h/285,2019-09-02 22:16:00,
20190902,hz,滨江区,西兴,https://www.danke.com/room/536847672.html,西兴  春波小区 4室1厅,建筑面积约20O|4楼|4室1卫|朝南,2500,https://public.danke.com.cn/public-20190523-Fm_5Yh8xnTSpc18C50oADs00ubMG?imageView2/1/w/380/h/285,2019-09-02 22:16:01,
20190902,hz,滨江区,西兴,https://www.danke.com/room/84922107.html,西兴  湘云雅苑 3室1厅,建筑面积约7O|5楼|3室2卫|朝北,1510,https://public.danke.com.cn/public-20190425-FvAkTOiG61y9wZUEpx2BmdpDszho?imageView2/1/w/380/h/285,2019-09-02 22:16:02,
20190902,hz,滨江区,西兴,https://www.danke.com/room/1989324939.html,西兴  湘云雅苑 4室1厅,建筑面积约9O|10楼|4室1卫|朝南,1680,https://public.danke.com.cn/public-20190124-isz_FgFBxcX3V_E0r8UmfeFPzt6BHofc?imageView2/1/w/380/h/285,2019-09-02 22:16:02,
20190902,hz,滨江区,西兴,https://www.danke.com/room/1417864063.html,西兴  滨康二苑 3室1厅,建筑面积约17O|15楼|3室1卫|朝南,2160,https://public.danke.com.cn/public-20180413-lo71yZ6SFIEqVPA-4dnDQm1nNaij?imageView2/1/w/380/h/285,2019-09-02 22:16:03,
20190902,hz,滨江区,西兴,https://www.danke.com/room/1934390988.html,西兴  滨康小区 3室1厅,建筑面积约9O|2楼|3室1卫|朝北,1930,https://public.danke.com.cn/public-20180428-lm4GpVDa_e2N0lxPvYJPFCyzWZP4?imageView2/1/w/380/h/285,2019-09-02 22:16:03,
20190902,hz,滨江区,西兴,https://www.danke.com/room/1130678959.html,西兴  春波西苑 2室1厅,建筑面积约15O|22楼|2室1卫|朝南,2560,https://public.danke.com.cn/public-20181120-lgpjVdMYtcXW9IKIfnHtSlW38H6j?imageView2/1/w/380/h/285,2019-09-02 22:16:04,
20190902,hz,滨江区,西兴,https://www.danke.com/room/576870993.html,西兴  春波西苑 2室1厅,建筑面积约11O|30楼|2室1卫|朝南,2390,https://public.danke.com.cn/public-20190613-Fr5V-OBZCnnkMqttr5fFtVSBKnL4?imageView2/1/w/380/h/285,2019-09-02 22:16:05,
20190902,hz,滨江区,西兴,https://www.danke.com/room/1989598374.html,西兴  湘云雅苑 2室1厅,建筑面积约12O|25楼|2室1卫|朝南,2130,https://public.danke.com.cn/public-20190514-FobLOMQc69Npr9bpJktXRN_7Cdhb?imageView2/1/w/380/h/285,2019-09-02 22:16:05,
20190902,hz,滨江区,西兴,https://www.danke.com/room/2058709709.html,西兴  湘云雅苑 5室1厅,建筑面积约9O|15楼|5室1卫|朝东,1640,https://public.danke.com.cn/public-20180822-llBrr58T1LVu11WfO5T6whrU-qp8?imageView2/1/w/380/h/285,2019-09-02 22:16:06,
20190902,hz,滨江区,西兴,https://www.danke.com/room/812805014.html,西兴  湘云雅苑 5室1厅,建筑面积约9O|28楼|5室1卫|朝东,1690,https://public.danke.com.cn/public-20190505-lmCUvPXbWaYqXrYUtbTXuYkDchaW?imageView2/1/w/380/h/285,2019-09-02 22:16:06,
20190902,hz,滨江区,西兴,https://www.danke.com/room/563331524.html,西兴  湘云雅苑 4室1厅,建筑面积约26O|24楼|4室1卫|朝南,2730,https://public.danke.com.cn/public-20180904-loWxtN_nQJTnnwBmXJLX0xsjXlUv?imageView2/1/w/380/h/285,2019-09-02 22:16:06,
20190902,hz,滨江区,西兴,https://www.danke.com/room/185626371.html,西兴  春波西苑 4室1厅,建筑面积约8O|8楼|4室1卫|朝北,1870,https://public.danke.com.cn/public-20181016-lsokAdPKsNByq9GD5p3qxaB9VdED?imageView2/1/w/380/h/285,2019-09-02 22:16:07,
20190902,hz,滨江区,西兴,https://www.danke.com/room/993982527.html,西兴  滨安小区 5室1厅,建筑面积约12O|3楼|5室1卫|朝北,1960,https://public.danke.com.cn/public-20181121-FpWQROa1l3Wf2ve0PDG1c97vok_c?imageView2/1/w/380/h/285,2019-09-02 22:16:07,
20190902,hz,滨江区,西兴,https://www.danke.com/room/1737381270.html,西兴  春波西苑 5室1厅,建筑面积约9O|24楼|5室1卫|朝东,1880,https://public.danke.com.cn/public-20190305-FqUOVLlvZgxeGpm6qf-P34cxBKFs?imageView2/1/w/380/h/285,2019-09-02 22:16:08,
20190902,hz,滨江区,西兴,https://www.danke.com/room/1990441698.html,西兴  湘云雅苑 4室1厅,建筑面积约10O|5楼|4室1卫|朝南,1590,https://public.danke.com.cn/public-20190124-isz_FsRD8B3iQj1zxx3WhacfBGrGnWz6?imageView2/1/w/380/h/285,2019-09-02 22:16:10,
20190902,hz,滨江区,西兴,https://www.danke.com/room/1155092330.html,西兴  湘云雅苑 3室2厅,建筑面积约13O|10楼|3室1卫|朝西,2130,https://public.danke.com.cn/public-20190124-isz_FvZ3mKd29NvLn1cxEQGReahQ6MW7?imageView2/1/w/380/h/285,2019-09-02 22:16:10,
20190902,hz,滨江区,西兴,https://www.danke.com/room/152586411.html,西兴  春波西苑 4室1厅,建筑面积约11O|5楼|4室1卫|朝北,1800,https://public.danke.com.cn/public-20190505-FqZi01CxiQAs9oKDRXyhhJPeX_RG?imageView2/1/w/380/h/285,2019-09-02 22:16:11,
20190902,hz,滨江区,西兴,https://www.danke.com/room/1205562426.html,西兴  湘云雅苑 4室1厅,建筑面积约7O|21楼|4室1卫|朝西,1720,https://public.danke.com.cn/public-20180702-lpbAEs1OKmo7k5LOn0gwP0vav0U7?imageView2/1/w/380/h/285,2019-09-02 22:16:11,
20190902,hz,滨江区,西兴,https://www.danke.com/duanzu/860027796.html,西兴  湘云雅苑 1室2厅,建筑面积约102O|4楼|1室1卫|朝南,6800,//pangu-s1.danke.com.cn/build/img/room/no-picture-e63a495fc7.jpg??imageView2/1/w/380/h/285,2019-09-02 22:16:12,
20190902,hz,滨江区,西兴,https://www.danke.com/room/165604503.html,西兴  铁岭花园 5室1厅,建筑面积约14O|1楼|5室1卫|朝北,1850,//pangu-s1.danke.com.cn/build/img/room/no-picture-e63a495fc7.jpg??imageView2/1/w/380/h/285,2019-09-02 22:16:12,
20190902,hz,滨江区,西兴,https://www.danke.com/room/1475352320.html,西兴  春波东苑 3室1厅,建筑面积约13O|3楼|3室1卫|朝南,2190,//pangu-s1.danke.com.cn/build/img/room/no-picture-e63a495fc7.jpg??imageView2/1/w/380/h/285,2019-09-02 22:16:12,
20190902,hz,滨江区,西兴,https://www.danke.com/room/1195697398.html,西兴  湘云雅苑 3室1厅,建筑面积约14O|2楼|3室1卫|朝南,2050,//pangu-s1.danke.com.cn/build/img/room/no-picture-e63a495fc7.jpg??imageView2/1/w/380/h/285,2019-09-02 22:16:13,
20190902,hz,滨江区,西兴,https://www.danke.com/room/1337001045.html,西兴  湘云雅苑 3室1厅,建筑面积约19O|2楼|3室1卫|朝北,2200,//pangu-s1.danke.com.cn/build/img/room/no-picture-e63a495fc7.jpg??imageView2/1/w/380/h/285,2019-09-02 22:16:14,
20190902,hz,滨江区,西兴,https://www.danke.com/room/1208388783.html,西兴  兴耀鑫都汇 1室1厅,建筑面积约49O|13楼|1室1卫|朝南,3650,//pangu-s1.danke.com.cn/build/img/room/no-picture-e63a495fc7.jpg??imageView2/1/w/380/h/285,2019-09-02 22:16:14,
20190902,hz,滨江区,西兴,https://www.danke.com/room/779876978.html,西兴  湘云雅苑 5室1厅,建筑面积约16O|20楼|5室1卫|朝南,2130,//pangu-s1.danke.com.cn/build/img/room/no-picture-e63a495fc7.jpg??imageView2/1/w/380/h/285,2019-09-02 22:16:14,
20190902,hz,滨江区,西兴,https://www.danke.com/room/955157493.html,西兴  湘云雅苑 5室1厅,建筑面积约16O|28楼|5室1卫|朝南,2090,//pangu-s1.danke.com.cn/build/img/room/no-picture-e63a495fc7.jpg??imageView2/1/w/380/h/285,2019-09-02 22:16:14,
20190902,hz,滨江区,西兴,https://www.danke.com/room/118404670.html,西兴  春波东苑 5室1厅,建筑面积约13O|10楼|5室1卫|朝南,1980,//pangu-s1.danke.com.cn/build/img/room/no-picture-e63a495fc7.jpg??imageView2/1/w/380/h/285,2019-09-02 22:16:14,
20190902,hz,滨江区,西兴,https://www.danke.com/room/1994979324.html,西兴  春波东苑 5室1厅,建筑面积约18O|10楼|5室1卫|朝西,2210,//pangu-s1.danke.com.cn/build/img/room/no-picture-e63a495fc7.jpg??imageView2/1/w/380/h/285,2019-09-02 22:16:15,
20190902,hz,滨江区,西兴,https://www.danke.com/room/45935243.html,西兴  春波东苑 4室1厅,建筑面积约17O|5楼|4室1卫|朝南,2210,//pangu-s1.danke.com.cn/build/img/room/no-picture-e63a495fc7.jpg??imageView2/1/w/380/h/285,2019-09-02 22:16:15,
20190902,hz,滨江区,西兴,https://www.danke.com/room/220793578.html,西兴  春波东苑 4室1厅,建筑面积约14O|5楼|4室1卫|朝南,2050,//pangu-s1.danke.com.cn/build/img/room/no-picture-e63a495fc7.jpg??imageView2/1/w/380/h/285,2019-09-02 22:16:15,
20190902,hz,滨江区,西兴,https://www.danke.com/room/1973824073.html,西兴  春波东苑 4室1厅,建筑面积约16O|5楼|4室1卫|朝南,2120,//pangu-s1.danke.com.cn/build/img/room/no-picture-e63a495fc7.jpg??imageView2/1/w/380/h/285,2019-09-02 22:16:16,
20190902,hz,滨江区,西兴,https://www.danke.com/room/2081639336.html,西兴  春波东苑 4室1厅,建筑面积约8O|5楼|4室1卫|朝北,1750,//pangu-s1.danke.com.cn/build/img/room/no-picture-e63a495fc7.jpg??imageView2/1/w/380/h/285,2019-09-02 22:16:16,
20190902,hz,滨江区,西兴,https://www.danke.com/room/1404314576.html,西兴  滨康二苑 4室2厅,建筑面积约35O|5楼|4室0卫|朝北,2930,//pangu-s1.danke.com.cn/build/img/room/no-picture-e63a495fc7.jpg??imageView2/1/w/380/h/285,2019-09-02 22:16:16,
20190902,hz,滨江区,西兴,https://www.danke.com/room/2142832392.html,西兴  湘云雅苑 5室1厅,建筑面积约9O|33楼|5室1卫|朝东,1880,//pangu-s1.danke.com.cn/build/img/room/no-picture-e63a495fc7.jpg??imageView2/1/w/380/h/285,2019-09-02 22:16:16,
20190902,hz,滨江区,西兴,https://www.danke.com/duanzu/47084201.html,西兴  湘云雅苑 3室2厅,建筑面积约10O|5楼|3室1卫|朝南,1730,//pangu-s1.danke.com.cn/build/img/room/no-picture-e63a495fc7.jpg??imageView2/1/w/380/h/285,2019-09-02 22:16:18,
20190902,hz,滨江区,西兴,https://www.danke.com/room/1182907768.html,西兴  春波西苑 4室1厅,建筑面积约11O|4楼|4室1卫|朝南,2060,//pangu-s1.danke.com.cn/build/img/room/no-picture-e63a495fc7.jpg??imageView2/1/w/380/h/285,2019-09-02 22:16:18,
20190902,hz,滨江区,西兴,https://www.danke.com/room/838785759.html,西兴  春波西苑 4室1厅,建筑面积约16O|4楼|4室1卫|朝南,2360,//pangu-s1.danke.com.cn/build/img/room/no-picture-e63a495fc7.jpg??imageView2/1/w/380/h/285,2019-09-02 22:16:18,
20190902,hz,滨江区,西兴,https://www.danke.com/room/946600510.html,西兴  春波西苑 4室1厅,建筑面积约14O|4楼|4室1卫|朝南,2290,//pangu-s1.danke.com.cn/build/img/room/no-picture-e63a495fc7.jpg??imageView2/1/w/380/h/285,2019-09-02 22:16:18,
20190902,hz,滨江区,西兴,https://www.danke.com/room/551033757.html,西兴  春波西苑 4室1厅,建筑面积约12O|4楼|4室1卫|朝北,2090,//pangu-s1.danke.com.cn/build/img/room/no-picture-e63a495fc7.jpg??imageView2/1/w/380/h/285,2019-09-02 22:16:18,
