20190902,gs,吴中区,独墅湖南,https://www.danke.com/room/430629694.html,独墅湖南  尹东新村八村 4室1厅,建筑面积约12O|15楼|4室1卫|朝南,1280,https://public.danke.com.cn/public-20190811-FlbZIOrZXIuY9pqWTa-peJcjkmgZ?imageView2/1/w/380/h/285,2019-09-02 22:41:43,
20190902,gs,吴中区,独墅湖南,https://www.danke.com/room/271645146.html,独墅湖南  正荣国领 5室1厅,建筑面积约8O|13楼|5室1卫|朝南,1260,https://public.danke.com.cn/public-20190729-Fnhp1QYCvJfJA8z1RVdaGujlzi4T?imageView2/1/w/380/h/285,2019-09-02 22:41:44,
20190902,gs,吴中区,独墅湖南,https://www.danke.com/room/315999168.html,独墅湖南  正荣国领 5室1厅,建筑面积约21O|3楼|5室1卫|朝南,1906,https://public.danke.com.cn/public-20190808-FlNeMHlKK9EvgjPGdGQUfChW4Pai?imageView2/1/w/380/h/285,2019-09-02 22:41:44,
20190902,gs,吴中区,独墅湖南,https://www.danke.com/room/1427496676.html,独墅湖南  正荣国领 5室1厅,建筑面积约8O|10楼|5室1卫|朝东,1300,//pangu-s1.danke.com.cn/build/img/room/no-picture-e63a495fc7.jpg??imageView2/1/w/380/h/285,2019-09-02 22:41:45,
20190902,gs,吴中区,独墅湖南,https://www.danke.com/room/2038902509.html,独墅湖南  中海双湾花园一期 4室1厅,建筑面积约10O|7楼|4室1卫|朝西,1410,//pangu-s1.danke.com.cn/build/img/room/no-picture-e63a495fc7.jpg??imageView2/1/w/380/h/285,2019-09-02 22:41:45,
20190902,gs,吴中区,独墅湖南,https://www.danke.com/room/1488785484.html,独墅湖南  建发独墅湾 6室3厅,建筑面积约9O|3楼|6室3卫|朝西北,1220,//pangu-s1.danke.com.cn/build/img/room/no-picture-e63a495fc7.jpg??imageView2/1/w/380/h/285,2019-09-02 22:41:47,
20190902,gs,吴中区,独墅湖南,https://www.danke.com/room/1208387541.html,独墅湖南  正荣国领 5室1厅,建筑面积约18O|19楼|5室1卫|朝东北,1600,//pangu-s1.danke.com.cn/build/img/room/no-picture-e63a495fc7.jpg??imageView2/1/w/380/h/285,2019-09-02 22:41:47,
20190902,gs,吴中区,独墅湖南,https://www.danke.com/room/1346433261.html,独墅湖南  建发独墅湾 6室3厅,建筑面积约24O|3楼|6室3卫|朝东南,1590,//pangu-s1.danke.com.cn/build/img/room/no-picture-e63a495fc7.jpg??imageView2/1/w/380/h/285,2019-09-02 22:41:48,
20190902,gs,吴中区,独墅湖南,https://www.danke.com/room/677535884.html,独墅湖南  正荣国领 5室1厅,建筑面积约30O|15楼|5室1卫|朝南,2080,//pangu-s1.danke.com.cn/build/img/room/no-picture-e63a495fc7.jpg??imageView2/1/w/380/h/285,2019-09-02 22:41:48,
20190902,gs,吴中区,独墅湖南,https://www.danke.com/room/1829336241.html,独墅湖南  尹东新村六期 4室1厅,建筑面积约10O|14楼|4室1卫|朝北,1100,//pangu-s1.danke.com.cn/build/img/room/no-picture-e63a495fc7.jpg??imageView2/1/w/380/h/285,2019-09-02 22:41:49,
20190902,gs,吴中区,独墅湖南,https://www.danke.com/room/457941074.html,独墅湖南  正荣国领 5室1厅,建筑面积约36O|15楼|5室1卫|朝北,1680,//pangu-s1.danke.com.cn/build/img/room/no-picture-e63a495fc7.jpg??imageView2/1/w/380/h/285,2019-09-02 22:41:49,
20190902,gs,吴中区,独墅湖南,https://www.danke.com/room/1788395141.html,独墅湖南  正荣国领 5室1厅,建筑面积约36O|10楼|5室1卫|朝北,1700,//pangu-s1.danke.com.cn/build/img/room/no-picture-e63a495fc7.jpg??imageView2/1/w/380/h/285,2019-09-02 22:41:49,
20190902,gs,吴中区,独墅湖南,https://www.danke.com/room/742614832.html,独墅湖南  中海双湾花园一期 4室1厅,建筑面积约21O|7楼|4室1卫|朝南,2030,//pangu-s1.danke.com.cn/build/img/room/no-picture-e63a495fc7.jpg??imageView2/1/w/380/h/285,2019-09-02 22:41:49,
20190902,gs,吴中区,独墅湖南,https://www.danke.com/room/96403590.html,独墅湖南  正荣国领 5室1厅,建筑面积约13O|3楼|5室1卫|朝南,1480,https://public.danke.com.cn/public-20190808-FoVM4oKBwNnt6oqECGxNW2McmzB_?imageView2/1/w/380/h/285,2019-09-02 22:41:50,
20190902,gs,吴中区,独墅湖南,https://www.danke.com/room/2556061.html,独墅湖南  尹东新村八村 4室1厅,建筑面积约22O|15楼|4室1卫|朝南,1850,https://public.danke.com.cn/public-20190811-FqNDlG6mFk8-hig2Bhf4tRXmX9oc?imageView2/1/w/380/h/285,2019-09-02 22:41:51,
20190902,gs,吴中区,独墅湖南,https://www.danke.com/room/1958955597.html,独墅湖南  尹东新村八村 4室1厅,建筑面积约10O|6楼|4室1卫|朝东北,1180,https://public.danke.com.cn/public-20190812-FnryyOrPUe-bpDFLYt_weJiPx2z6?imageView2/1/w/380/h/285,2019-09-02 22:41:52,
20190902,gs,吴中区,独墅湖南,https://www.danke.com/room/2133879724.html,独墅湖南  尹东新村八村 4室1厅,建筑面积约22O|6楼|4室1卫|朝西南,1850,https://public.danke.com.cn/public-20190812-FsNjmhGdzemiLN5vPMOOjVh_CVaz?imageView2/1/w/380/h/285,2019-09-02 22:41:52,
20190902,gs,吴中区,独墅湖南,https://www.danke.com/room/1739361043.html,独墅湖南  尹东新村八村 4室1厅,建筑面积约12O|6楼|4室1卫|朝西南,1280,https://public.danke.com.cn/public-20190812-Fqs2XLOoO0VJq042Kg3cvzX4INU3?imageView2/1/w/380/h/285,2019-09-02 22:41:53,
20190902,gs,吴中区,独墅湖南,https://www.danke.com/room/1847176050.html,独墅湖南  尹东新村八村 4室1厅,建筑面积约22O|6楼|4室1卫|朝西南,1450,https://public.danke.com.cn/public-20190812-FsRsZGe491Ac0_ND-yjAbm3WtAn0?imageView2/1/w/380/h/285,2019-09-02 22:41:53,
20190902,gs,吴中区,独墅湖南,https://www.danke.com/room/1244099273.html,独墅湖南  阳光城愉景湾 3室1厅,建筑面积约20O|3楼|3室1卫|朝北,1950,https://public.danke.com.cn/public-20190816-Fj1DUdwQRWKSTfaFTDMmDUOFRAVS?imageView2/1/w/380/h/285,2019-09-02 22:41:54,
20190902,gs,吴中区,独墅湖南,https://www.danke.com/room/1545136916.html,独墅湖南  正荣国领 8室1厅,建筑面积约21O|24楼|8室2卫|朝南,2070,https://public.danke.com.cn/public-20190823-Fr7MXYjK6xt4LYZrabMry6MlYg6f?imageView2/1/w/380/h/285,2019-09-02 22:41:56,
20190902,gs,吴中区,独墅湖南,https://www.danke.com/room/1150618491.html,独墅湖南  正荣国领 8室1厅,建筑面积约16O|24楼|8室2卫|朝南,1560,https://public.danke.com.cn/public-20190823-Fne_g35OqKBcSQkw6fUcdLBcyxdA?imageView2/1/w/380/h/285,2019-09-02 22:41:57,
20190902,gs,吴中区,独墅湖南,https://www.danke.com/room/1325541594.html,独墅湖南  正荣国领 8室1厅,建筑面积约16O|24楼|8室2卫|朝南,1560,https://public.danke.com.cn/public-20190823-FuVB8AHA5xDIyPg24OhGp0u91vVU?imageView2/1/w/380/h/285,2019-09-02 22:41:57,
20190902,gs,吴中区,独墅湖南,https://www.danke.com/room/914311225.html,独墅湖南  正荣国领 8室1厅,建筑面积约16O|24楼|8室2卫|朝南,1560,https://public.danke.com.cn/public-20190823-Fgqnd9b9W3vgtN981kG0hAQDs0u6?imageView2/1/w/380/h/285,2019-09-02 22:41:58,
20190902,gs,吴中区,独墅湖南,https://www.danke.com/room/1055680920.html,独墅湖南  正荣国领 8室1厅,建筑面积约16O|24楼|8室2卫|朝南,1560,https://public.danke.com.cn/public-20190823-FrCIJF7mWOGbsCG68qHZKooahy0i?imageView2/1/w/380/h/285,2019-09-02 22:41:58,
20190902,gs,吴中区,独墅湖南,https://www.danke.com/room/2028106089.html,独墅湖南  尹东八村二区 4室1厅,建筑面积约21O|7楼|4室1卫|朝南,1630,https://public.danke.com.cn/public-20190822-FhEBFfMSwko3yU9Sdbs8xl3hy6n0?imageView2/1/w/380/h/285,2019-09-02 22:41:58,
20190902,gs,吴中区,独墅湖南,https://www.danke.com/room/1493532920.html,独墅湖南  建发独墅湾 4室1厅,建筑面积约24O|2楼|4室1卫|朝南,1930,https://public.danke.com.cn/public-20190124-isz_Focmd83c-fuxQheSPvxQGSlW_t3T?imageView2/1/w/380/h/285,2019-09-02 22:41:59,
20190902,gs,吴中区,独墅湖南,https://www.danke.com/room/1961640319.html,独墅湖南  阳光城愉景湾 6室1厅,建筑面积约11O|1楼|6室2卫|朝西北,1250,https://public.danke.com.cn/public-20190827-FsM3-auHg5MrWL5s1ZiU5CDKylCb?imageView2/1/w/380/h/285,2019-09-02 22:41:59,
20190902,gs,吴中区,独墅湖南,https://www.danke.com/room/920230069.html,独墅湖南  正荣国领 5室1厅,建筑面积约19O|13楼|5室1卫|朝北,1490,https://public.danke.com.cn/public-20190729-Fj1BT5hRtAG69eTY7Hn1SKALsmMP?imageView2/1/w/380/h/285,2019-09-02 22:42:00,
20190902,gs,吴中区,独墅湖南,https://www.danke.com/room/1437322165.html,独墅湖南  正荣国领 8室1厅,建筑面积约30O|24楼|8室2卫|朝南,2090,https://public.danke.com.cn/public-20190823-Fv7FEeTflEIwih34AOqezVHv6Wbs?imageView2/1/w/380/h/285,2019-09-02 22:42:00,
20190902,gs,吴中区,独墅湖南,https://www.danke.com/room/1313189567.html,独墅湖南  正荣国领 4室2厅,建筑面积约8O|13楼|4室1卫|朝南,1160,https://public.danke.com.cn/public-20190124-isz_FokYtKtTkSEcbFJ7LNJDeCOKKHMh?imageView2/1/w/380/h/285,2019-09-02 22:42:01,
20190902,gs,吴中区,独墅湖南,https://www.danke.com/room/964174798.html,独墅湖南  正荣国领 5室1厅,建筑面积约16O|15楼|5室1卫|朝南,1560,//pangu-s1.danke.com.cn/build/img/room/no-picture-e63a495fc7.jpg??imageView2/1/w/380/h/285,2019-09-02 22:42:01,
20190902,gs,吴中区,独墅湖南,https://www.danke.com/room/569721645.html,独墅湖南  正荣国领 5室1厅,建筑面积约21O|15楼|5室1卫|朝南,2020,//pangu-s1.danke.com.cn/build/img/room/no-picture-e63a495fc7.jpg??imageView2/1/w/380/h/285,2019-09-02 22:42:01,
20190902,gs,吴中区,独墅湖南,https://www.danke.com/room/283017459.html,独墅湖南  正荣国领 5室1厅,建筑面积约8O|15楼|5室1卫|朝西,1310,//pangu-s1.danke.com.cn/build/img/room/no-picture-e63a495fc7.jpg??imageView2/1/w/380/h/285,2019-09-02 22:42:01,
20190902,gs,吴中区,独墅湖南,https://www.danke.com/room/1995019208.html,独墅湖南  建发独墅湾 6室3厅,建筑面积约18O|3楼|6室3卫|朝东南,1550,//pangu-s1.danke.com.cn/build/img/room/no-picture-e63a495fc7.jpg??imageView2/1/w/380/h/285,2019-09-02 22:42:02,
20190902,gs,吴中区,独墅湖南,https://www.danke.com/room/505463240.html,独墅湖南  中海双湾花园一期 4室1厅,建筑面积约16O|7楼|4室1卫|朝南,1580,//pangu-s1.danke.com.cn/build/img/room/no-picture-e63a495fc7.jpg??imageView2/1/w/380/h/285,2019-09-02 22:42:02,
20190902,gs,吴中区,独墅湖南,https://www.danke.com/room/111010095.html,独墅湖南  中海双湾花园一期 4室1厅,建筑面积约26O|7楼|4室1卫|朝南,1780,//pangu-s1.danke.com.cn/build/img/room/no-picture-e63a495fc7.jpg??imageView2/1/w/380/h/285,2019-09-02 22:42:02,
20190902,gs,吴中区,独墅湖南,https://www.danke.com/room/1896484494.html,独墅湖南  中海双湾花园一期 4室1厅,建筑面积约20O|7楼|4室1卫|朝南,2010,//pangu-s1.danke.com.cn/build/img/room/no-picture-e63a495fc7.jpg??imageView2/1/w/380/h/285,2019-09-02 22:42:02,
20190902,gs,吴中区,独墅湖南,https://www.danke.com/room/1714624849.html,独墅湖南  正荣国领 5室1厅,建筑面积约13O|19楼|5室1卫|朝西南,1500,//pangu-s1.danke.com.cn/build/img/room/no-picture-e63a495fc7.jpg??imageView2/1/w/380/h/285,2019-09-02 22:42:02,
20190902,gs,吴中区,独墅湖南,https://www.danke.com/room/1855989424.html,独墅湖南  正荣国领 5室1厅,建筑面积约8O|19楼|5室1卫|朝西南,1290,//pangu-s1.danke.com.cn/build/img/room/no-picture-e63a495fc7.jpg??imageView2/1/w/380/h/285,2019-09-02 22:42:02,
20190902,gs,吴中区,独墅湖南,https://www.danke.com/room/1495090711.html,独墅湖南  正荣国领 5室1厅,建筑面积约21O|19楼|5室1卫|朝西南,1990,//pangu-s1.danke.com.cn/build/img/room/no-picture-e63a495fc7.jpg??imageView2/1/w/380/h/285,2019-09-02 22:42:04,
20190902,gs,吴中区,独墅湖南,https://www.danke.com/room/1099589238.html,独墅湖南  正荣国领 5室1厅,建筑面积约7O|19楼|5室1卫|朝东北,1230,//pangu-s1.danke.com.cn/build/img/room/no-picture-e63a495fc7.jpg??imageView2/1/w/380/h/285,2019-09-02 22:42:04,
20190902,gs,吴中区,独墅湖南,https://www.danke.com/room/1568865867.html,独墅湖南  正荣国领 5室1厅,建筑面积约30O|10楼|5室1卫|朝南,2090,//pangu-s1.danke.com.cn/build/img/room/no-picture-e63a495fc7.jpg??imageView2/1/w/380/h/285,2019-09-02 22:42:04,
20190902,gs,吴中区,独墅湖南,https://www.danke.com/room/1157570474.html,独墅湖南  正荣国领 5室1厅,建筑面积约21O|10楼|5室1卫|朝南,2000,//pangu-s1.danke.com.cn/build/img/room/no-picture-e63a495fc7.jpg??imageView2/1/w/380/h/285,2019-09-02 22:42:04,
20190902,gs,吴中区,独墅湖南,https://www.danke.com/room/1332494089.html,独墅湖南  正荣国领 5室1厅,建筑面积约16O|10楼|5室1卫|朝南,1590,//pangu-s1.danke.com.cn/build/img/room/no-picture-e63a495fc7.jpg??imageView2/1/w/380/h/285,2019-09-02 22:42:05,
20190902,gs,吴中区,独墅湖南,https://www.danke.com/room/1941051276.html,独墅湖南  尹东新村六期 4室1厅,建筑面积约23O|14楼|4室1卫|朝南,1400,//pangu-s1.danke.com.cn/build/img/room/no-picture-e63a495fc7.jpg??imageView2/1/w/380/h/285,2019-09-02 22:42:05,
20190902,gs,吴中区,独墅湖南,https://www.danke.com/room/2049914867.html,独墅湖南  尹东新村六期 4室1厅,建筑面积约12O|14楼|4室1卫|朝南,1190,//pangu-s1.danke.com.cn/build/img/room/no-picture-e63a495fc7.jpg??imageView2/1/w/380/h/285,2019-09-02 22:42:05,
20190902,gs,吴中区,独墅湖南,https://www.danke.com/room/1654413138.html,独墅湖南  尹东新村六期 4室1厅,建筑面积约22O|14楼|4室1卫|朝南,1630,//pangu-s1.danke.com.cn/build/img/room/no-picture-e63a495fc7.jpg??imageView2/1/w/380/h/285,2019-09-02 22:42:06,
20190902,gs,吴中区,独墅湖南,https://www.danke.com/room/634800081.html,独墅湖南  中海双湾花园一期 4室1厅,建筑面积约9O|7楼|4室1卫|朝北,1360,//pangu-s1.danke.com.cn/build/img/room/no-picture-e63a495fc7.jpg??imageView2/1/w/380/h/285,2019-09-02 22:42:06,
20190902,gs,吴中区,独墅湖南,https://www.danke.com/room/348095639.html,独墅湖南  中海双湾花园一期 4室1厅,建筑面积约20O|7楼|4室1卫|朝南,1690,//pangu-s1.danke.com.cn/build/img/room/no-picture-e63a495fc7.jpg??imageView2/1/w/380/h/285,2019-09-02 22:42:06,
20190902,gs,吴中区,独墅湖南,https://www.danke.com/room/523019510.html,独墅湖南  中海双湾花园一期 4室1厅,建筑面积约14O|7楼|4室1卫|朝南,1530,//pangu-s1.danke.com.cn/build/img/room/no-picture-e63a495fc7.jpg??imageView2/1/w/380/h/285,2019-09-02 22:42:06,
20190902,gs,吴中区,独墅湖南,https://www.danke.com/room/762943177.html,独墅湖南  中海双湾锦园 4室1厅,建筑面积约13O|22楼|4室1卫|朝西南,1430,//pangu-s1.danke.com.cn/build/img/room/no-picture-e63a495fc7.jpg??imageView2/1/w/380/h/285,2019-09-02 22:42:07,
20190902,gs,吴中区,独墅湖南,https://www.danke.com/room/368490024.html,独墅湖南  中海双湾锦园 4室1厅,建筑面积约8O|22楼|4室1卫|朝西,1260,//pangu-s1.danke.com.cn/build/img/room/no-picture-e63a495fc7.jpg??imageView2/1/w/380/h/285,2019-09-02 22:42:07,
20190902,gs,吴中区,独墅湖南,https://www.danke.com/room/476305295.html,独墅湖南  中海双湾锦园 4室1厅,建筑面积约11O|22楼|4室1卫|朝西北,1330,//pangu-s1.danke.com.cn/build/img/room/no-picture-e63a495fc7.jpg??imageView2/1/w/380/h/285,2019-09-02 22:42:07,
20190902,gs,吴中区,独墅湖南,https://www.danke.com/room/80803822.html,独墅湖南  中海双湾锦园 4室1厅,建筑面积约7O|22楼|4室1卫|朝东北,1190,//pangu-s1.danke.com.cn/build/img/room/no-picture-e63a495fc7.jpg??imageView2/1/w/380/h/285,2019-09-02 22:42:07,
